datetime,T5
2021-10-18 20:42:07,0.0
2021-10-18 20:42:47,293.074
2021-10-18 20:44:10,293.11
2021-10-18 20:44:50,293.111
2021-10-18 20:45:31,293.111
2021-10-18 20:46:11,293.12
2021-10-18 20:46:51,293.116
2021-10-18 20:47:31,293.242
2021-10-18 20:48:11,293.134
2021-10-18 20:48:52,293.239
2021-10-18 20:49:32,293.239
2021-10-18 20:50:12,293.203
2021-10-18 20:50:52,293.13
2021-10-18 20:51:32,293.029
2021-10-18 20:52:13,293.133
2021-10-18 20:52:53,293.133
2021-10-18 20:53:33,293.029
2021-10-18 20:54:13,293.006
2021-10-18 20:54:53,293.092
2021-10-18 20:55:33,293.098
2021-10-18 20:56:13,293.098
2021-10-18 20:56:54,293.049
2021-10-18 20:57:34,293.063
2021-10-18 20:58:14,293.0
2021-10-18 20:58:54,293.328
2021-10-18 20:59:34,293.328
2021-10-18 21:00:14,293.127
2021-10-18 21:00:54,293.112
2021-10-18 21:01:34,293.077
2021-10-18 21:02:15,292.973
2021-10-18 21:02:55,292.973
2021-10-18 21:03:35,293.126
2021-10-18 21:04:15,293.018
2021-10-18 21:04:55,293.061
2021-10-18 21:05:35,293.19
2021-10-18 21:06:16,293.19
2021-10-18 21:06:56,292.991
2021-10-18 21:07:36,293.108
2021-10-18 21:08:16,293.131
2021-10-18 21:08:56,292.977
2021-10-18 21:09:36,292.977
2021-10-18 21:10:17,293.11
2021-10-18 21:10:57,293.084
2021-10-18 21:11:37,293.151
2021-10-18 21:12:17,293.028
2021-10-18 21:12:57,293.028
2021-10-18 21:13:37,293.138
2021-10-18 21:14:18,293.117
2021-10-18 21:14:58,293.184
2021-10-18 21:15:38,293.107
2021-10-18 21:16:18,293.107
2021-10-18 21:16:58,293.088
2021-10-18 21:17:38,293.069
2021-10-18 21:18:19,292.919
2021-10-18 21:18:59,293.199
2021-10-18 21:19:39,293.199
2021-10-18 21:20:19,293.028
2021-10-18 21:20:59,293.105
2021-10-18 21:21:39,293.122
2021-10-18 21:22:19,293.152
2021-10-18 21:22:59,293.152
2021-10-18 21:23:40,293.038
2021-10-18 21:24:20,293.058
2021-10-18 21:25:00,293.088
2021-10-18 21:25:40,293.126
2021-10-18 21:26:20,293.126
2021-10-18 21:27:00,293.178
2021-10-18 21:27:41,293.071
2021-10-18 21:28:21,293.089
2021-10-18 21:29:01,293.106
2021-10-18 21:29:41,293.106
2021-10-18 21:30:21,293.0
2021-10-18 21:31:01,293.107
2021-10-18 21:31:42,293.073
2021-10-18 21:32:22,293.051
2021-10-18 21:33:02,293.051
2021-10-18 21:33:42,293.06
2021-10-18 21:34:23,293.093
2021-10-18 21:35:03,293.112
2021-10-18 21:35:43,293.074
2021-10-18 21:36:23,293.052
2021-10-18 21:37:03,293.052
2021-10-18 21:37:43,292.968
2021-10-18 21:38:23,293.123
2021-10-18 21:39:04,293.177
2021-10-18 21:39:44,293.098
2021-10-18 21:40:24,293.098
2021-10-18 21:41:04,293.065
2021-10-18 21:41:44,292.966
2021-10-18 21:42:24,293.067
2021-10-18 21:43:05,293.168
2021-10-18 21:43:45,293.168
2021-10-18 21:44:25,292.815
2021-10-18 21:45:05,293.002
2021-10-18 21:45:45,293.043
2021-10-18 21:46:25,293.072
2021-10-18 21:47:06,293.072
2021-10-18 21:47:46,293.041
2021-10-18 21:48:26,293.127
2021-10-18 21:49:06,293.009
2021-10-18 21:49:46,293.05
2021-10-18 21:50:26,293.05
2021-10-18 21:51:06,293.2
2021-10-18 21:51:47,293.109
2021-10-18 21:52:27,293.157
2021-10-18 21:53:07,293.17
2021-10-18 21:53:47,293.17
2021-10-18 21:54:27,293.174
2021-10-18 21:55:07,293.175
2021-10-18 21:55:48,293.139
2021-10-18 21:56:28,293.212
2021-10-18 21:57:08,293.212
2021-10-18 21:57:48,293.147
2021-10-18 21:58:28,293.083
2021-10-18 21:59:08,293.168
2021-10-18 21:59:49,293.021
2021-10-18 22:00:29,293.021
2021-10-18 22:01:09,292.99
2021-10-18 22:01:49,293.103
2021-10-18 22:02:29,292.962
2021-10-18 22:03:09,293.038
2021-10-18 22:03:49,293.038
2021-10-18 22:04:29,293.015
2021-10-18 22:05:10,293.088
2021-10-18 22:05:50,293.131
2021-10-18 22:06:30,293.13
2021-10-18 22:07:10,293.13
2021-10-18 22:07:50,293.086
2021-10-18 22:08:30,293.217
2021-10-18 22:09:11,293.014
2021-10-18 22:09:51,292.998
2021-10-18 22:10:31,292.998
2021-10-18 22:11:11,293.057
2021-10-18 22:11:51,292.992
2021-10-18 22:12:31,293.057
2021-10-18 22:13:12,293.207
2021-10-18 22:13:52,293.207
2021-10-18 22:14:32,293.057
2021-10-18 22:15:12,293.118
2021-10-18 22:15:52,293.079
2021-10-18 22:16:32,293.107
2021-10-18 22:17:12,293.107
2021-10-18 22:17:52,293.099
2021-10-18 22:18:33,293.085
2021-10-18 22:19:13,293.05
2021-10-18 22:19:53,293.03
2021-10-18 22:20:33,293.144
2021-10-18 22:21:13,293.144
2021-10-18 22:21:53,293.025
2021-10-18 22:22:34,293.084
2021-10-18 22:23:14,292.974
2021-10-18 22:23:54,293.133
2021-10-18 22:24:34,293.133
2021-10-18 22:25:14,292.99
2021-10-18 22:25:54,292.996
2021-10-18 22:26:35,293.033
2021-10-18 22:27:15,293.082
2021-10-18 22:27:55,293.082
2021-10-18 22:28:35,293.079
2021-10-18 22:29:15,293.121
2021-10-18 22:29:55,293.094
2021-10-18 22:30:35,293.137
2021-10-18 22:31:16,293.137
2021-10-18 22:31:56,292.991
2021-10-18 22:32:36,293.14
2021-10-18 22:33:16,293.148
2021-10-18 22:33:56,293.003
2021-10-18 22:34:36,293.003
2021-10-18 22:35:16,293.065
2021-10-18 22:35:56,293.133
2021-10-18 22:36:37,293.08
2021-10-18 22:37:17,293.155
2021-10-18 22:37:57,293.155
2021-10-18 22:38:37,293.15
2021-10-18 22:39:17,293.175
2021-10-18 22:39:57,293.043
2021-10-18 22:40:38,293.133
2021-10-18 22:41:18,293.133
2021-10-18 22:41:58,293.108
2021-10-18 22:42:38,293.036
2021-10-18 22:43:18,293.078
2021-10-18 22:43:58,292.991
2021-10-18 22:44:38,292.991
2021-10-18 22:45:19,293.155
2021-10-18 22:45:59,293.084
2021-10-18 22:46:39,293.127
2021-10-18 22:47:19,293.019
2021-10-18 22:47:59,293.019
2021-10-18 22:48:39,293.186
2021-10-18 22:49:19,293.098
2021-10-18 22:50:00,293.068
2021-10-18 22:50:40,292.993
2021-10-18 22:51:20,292.993
2021-10-18 22:52:00,293.12
2021-10-18 22:52:40,293.09
2021-10-18 22:53:20,293.108
2021-10-18 22:54:01,293.097
2021-10-18 22:54:41,293.097
2021-10-18 22:55:21,293.062
2021-10-18 22:56:01,293.209
2021-10-18 22:56:41,292.955
2021-10-18 22:57:21,293.082
2021-10-18 22:58:01,293.082
2021-10-18 22:58:41,293.161
2021-10-18 22:59:22,293.098
2021-10-18 23:00:02,293.03
2021-10-18 23:00:42,293.016
2021-10-18 23:01:22,293.016
2021-10-18 23:02:02,293.117
2021-10-18 23:02:42,293.015
2021-10-18 23:03:22,293.12
2021-10-18 23:04:03,293.104
2021-10-18 23:04:43,293.104
2021-10-18 23:05:23,293.212
2021-10-18 23:06:03,293.192
2021-10-18 23:06:43,293.138
2021-10-18 23:07:23,293.105
2021-10-18 23:08:04,293.153
2021-10-18 23:08:44,293.153
2021-10-18 23:09:24,293.003
2021-10-18 23:10:04,293.213
2021-10-18 23:10:44,293.02
2021-10-18 23:11:24,293.177
2021-10-18 23:12:05,293.177
2021-10-18 23:12:45,293.118
2021-10-18 23:13:25,293.042
2021-10-18 23:14:05,293.046
2021-10-18 23:14:45,293.214
2021-10-18 23:15:25,293.214
2021-10-18 23:16:05,293.13
2021-10-18 23:16:46,293.099
2021-10-18 23:17:26,293.035
2021-10-18 23:18:06,293.054
2021-10-18 23:18:46,293.054
2021-10-18 23:19:26,293.023
2021-10-18 23:20:06,293.149
2021-10-18 23:20:47,293.128
2021-10-18 23:21:27,293.085
2021-10-18 23:22:07,293.085
2021-10-18 23:22:47,293.081
2021-10-18 23:23:27,293.072
2021-10-18 23:24:07,293.04
2021-10-18 23:24:48,293.023
2021-10-18 23:25:28,293.023
2021-10-18 23:26:08,292.916
2021-10-18 23:26:48,292.892
2021-10-18 23:27:28,292.793
2021-10-18 23:28:08,292.734
2021-10-18 23:28:49,292.734
2021-10-18 23:29:29,292.805
2021-10-18 23:30:09,292.795
2021-10-18 23:30:49,292.79
2021-10-18 23:31:29,292.7
2021-10-18 23:32:09,292.7
2021-10-18 23:32:50,292.7
2021-10-18 23:33:30,292.66
2021-10-18 23:34:10,292.711
2021-10-18 23:34:50,292.618
2021-10-18 23:35:30,292.618
2021-10-18 23:36:10,292.756
2021-10-18 23:36:51,292.769
2021-10-18 23:37:31,292.65
2021-10-18 23:38:11,292.69
2021-10-18 23:38:51,292.69
2021-10-18 23:39:31,292.608
2021-10-18 23:40:11,292.617
2021-10-18 23:40:51,292.641
2021-10-18 23:41:32,292.497
2021-10-18 23:42:12,292.497
2021-10-18 23:42:52,292.634
2021-10-18 23:43:32,292.672
2021-10-18 23:44:12,292.748
2021-10-18 23:44:52,292.744
2021-10-18 23:45:33,292.744
2021-10-18 23:46:13,292.553
2021-10-18 23:46:53,292.708
2021-10-18 23:47:33,292.653
2021-10-18 23:48:13,292.584
2021-10-18 23:48:53,292.584
2021-10-18 23:49:33,292.536
2021-10-18 23:50:14,292.602
2021-10-18 23:50:54,292.689
2021-10-18 23:51:34,292.69
2021-10-18 23:52:14,292.522
2021-10-18 23:52:54,292.522
2021-10-18 23:53:34,292.674
2021-10-18 23:54:15,292.594
2021-10-18 23:54:55,292.743
2021-10-18 23:55:35,292.635
2021-10-18 23:56:15,292.635
2021-10-18 23:56:55,292.745
2021-10-18 23:57:35,292.701
2021-10-18 23:58:15,292.608
2021-10-18 23:58:56,292.639
2021-10-18 23:59:36,292.639
2021-10-19 00:00:16,292.719
2021-10-19 00:00:56,292.527
2021-10-19 00:01:36,292.624
2021-10-19 00:02:17,292.61
2021-10-19 00:02:57,292.61
2021-10-19 00:03:37,292.755
2021-10-19 00:04:17,292.602
2021-10-19 00:04:57,292.655
2021-10-19 00:05:37,292.453
2021-10-19 00:06:17,292.453
2021-10-19 00:06:57,292.528
2021-10-19 00:07:38,292.588
2021-10-19 00:08:18,292.643
2021-10-19 00:08:58,292.594
2021-10-19 00:09:38,292.594
2021-10-19 00:10:18,292.626
2021-10-19 00:10:58,292.692
2021-10-19 00:11:39,292.647
2021-10-19 00:12:19,292.586
2021-10-19 00:12:59,292.586
2021-10-19 00:13:39,292.631
2021-10-19 00:14:19,292.61
2021-10-19 00:14:59,292.689
2021-10-19 00:15:40,292.688
2021-10-19 00:16:20,292.688
2021-10-19 00:17:00,292.649
2021-10-19 00:17:40,292.5
2021-10-19 00:18:20,292.621
2021-10-19 00:19:00,292.654
2021-10-19 00:19:41,292.654
2021-10-19 00:20:21,292.654
2021-10-19 00:21:01,292.596
2021-10-19 00:21:41,292.548
2021-10-19 00:22:21,292.58
2021-10-19 00:23:01,292.58
2021-10-19 00:23:41,292.517
2021-10-19 00:24:22,292.647
2021-10-19 00:25:02,292.572
2021-10-19 00:25:42,292.635
2021-10-19 00:26:22,292.635
2021-10-19 00:27:02,292.609
2021-10-19 00:27:42,292.509
2021-10-19 00:28:23,292.584
2021-10-19 00:29:03,292.718
2021-10-19 00:29:43,292.718
2021-10-19 00:30:23,292.538
2021-10-19 00:31:03,292.674
2021-10-19 00:31:43,292.657
2021-10-19 00:32:23,292.569
2021-10-19 00:33:04,292.569
2021-10-19 00:33:44,292.519
2021-10-19 00:34:24,292.52
2021-10-19 00:35:04,292.505
2021-10-19 00:35:44,292.551
2021-10-19 00:36:24,292.551
2021-10-19 00:37:04,292.521
2021-10-19 00:37:45,292.438
2021-10-19 00:38:25,292.288
2021-10-19 00:39:05,292.434
2021-10-19 00:39:45,292.39
2021-10-19 00:40:26,292.39
2021-10-19 00:41:06,292.409
2021-10-19 00:41:46,292.31
2021-10-19 00:42:26,292.168
2021-10-19 00:43:06,292.275
2021-10-19 00:43:46,292.275
2021-10-19 00:44:27,292.122
2021-10-19 00:45:07,292.12
2021-10-19 00:45:47,291.906
2021-10-19 00:46:27,291.927
2021-10-19 00:47:07,291.927
2021-10-19 00:47:47,291.896
2021-10-19 00:48:27,291.891
2021-10-19 00:49:08,291.755
2021-10-19 00:49:48,291.613
2021-10-19 00:50:28,291.613
2021-10-19 00:51:08,291.679
2021-10-19 00:51:48,291.444
2021-10-19 00:52:28,291.576
2021-10-19 00:53:08,291.373
2021-10-19 00:53:48,291.373
2021-10-19 00:54:29,291.257
2021-10-19 00:55:09,291.245
2021-10-19 00:55:49,291.054
2021-10-19 00:56:29,290.969
2021-10-19 00:57:09,290.969
2021-10-19 00:57:49,290.89
2021-10-19 00:58:29,290.719
2021-10-19 00:59:10,290.641
2021-10-19 00:59:50,290.655
2021-10-19 01:00:30,290.655
2021-10-19 01:01:10,290.505
2021-10-19 01:01:50,290.449
2021-10-19 01:02:30,290.273
2021-10-19 01:03:10,290.277
2021-10-19 01:03:51,290.277
2021-10-19 01:04:31,289.991
2021-10-19 01:05:11,289.917
2021-10-19 01:05:51,289.798
2021-10-19 01:06:31,289.637
2021-10-19 01:07:11,289.637
2021-10-19 01:07:51,289.567
2021-10-19 01:08:32,289.402
2021-10-19 01:09:12,289.271
2021-10-19 01:09:52,288.993
2021-10-19 01:10:32,288.993
2021-10-19 01:11:12,289.023
2021-10-19 01:11:52,288.78
2021-10-19 01:12:33,288.688
2021-10-19 01:13:13,288.467
2021-10-19 01:13:53,288.467
2021-10-19 01:14:33,288.255
2021-10-19 01:15:13,288.173
2021-10-19 01:15:53,287.941
2021-10-19 01:16:33,287.811
2021-10-19 01:17:13,287.811
2021-10-19 01:17:54,287.786
2021-10-19 01:18:34,287.669
2021-10-19 01:19:14,287.363
2021-10-19 01:19:54,287.268
2021-10-19 01:20:34,287.268
2021-10-19 01:21:14,286.99
2021-10-19 01:21:54,286.947
2021-10-19 01:22:35,286.578
2021-10-19 01:23:15,286.623
2021-10-19 01:23:55,286.623
2021-10-19 01:24:35,286.38
2021-10-19 01:25:15,286.172
2021-10-19 01:25:55,285.942
2021-10-19 01:26:36,285.862
2021-10-19 01:27:16,285.633
2021-10-19 01:27:56,285.633
2021-10-19 01:28:36,285.443
2021-10-19 01:29:16,285.246
2021-10-19 01:29:56,284.998
2021-10-19 01:30:36,284.887
2021-10-19 01:31:17,284.887
2021-10-19 01:31:57,284.765
2021-10-19 01:32:37,284.451
2021-10-19 01:33:17,284.323
2021-10-19 01:33:57,284.127
2021-10-19 01:34:38,284.127
2021-10-19 01:35:18,283.861
2021-10-19 01:35:58,283.714
2021-10-19 01:36:38,283.586
2021-10-19 01:37:18,283.507
2021-10-19 01:37:58,283.507
2021-10-19 01:38:38,283.212
2021-10-19 01:39:19,283.063
2021-10-19 01:39:59,282.773
2021-10-19 01:40:39,282.645
2021-10-19 01:41:19,282.645
2021-10-19 01:41:59,282.309
2021-10-19 01:42:39,282.198
2021-10-19 01:43:20,281.972
2021-10-19 01:44:00,281.751
2021-10-19 01:44:40,281.751
2021-10-19 01:45:20,281.396
2021-10-19 01:46:00,281.389
2021-10-19 01:46:40,281.149
2021-10-19 01:47:20,280.858
2021-10-19 01:48:01,280.858
2021-10-19 01:48:41,280.737
2021-10-19 01:49:21,280.526
2021-10-19 01:50:01,280.246
2021-10-19 01:50:41,280.003
2021-10-19 01:51:21,280.003
2021-10-19 01:52:01,279.933
2021-10-19 01:52:42,279.68
2021-10-19 01:53:22,279.352
2021-10-19 01:54:02,279.231
2021-10-19 01:54:42,279.231
2021-10-19 01:55:22,278.862
2021-10-19 01:56:03,278.748
2021-10-19 01:56:43,278.466
2021-10-19 01:57:23,278.291
2021-10-19 01:58:03,278.291
2021-10-19 01:58:43,278.087
2021-10-19 01:59:23,277.862
2021-10-19 02:00:04,277.654
2021-10-19 02:00:44,277.503
2021-10-19 02:01:24,277.503
2021-10-19 02:02:04,277.103
2021-10-19 02:02:44,276.915
2021-10-19 02:03:24,276.661
2021-10-19 02:04:05,276.51
2021-10-19 02:04:45,276.51
2021-10-19 02:05:25,276.102
2021-10-19 02:06:05,275.915
2021-10-19 02:06:45,275.641
2021-10-19 02:07:25,275.436
2021-10-19 02:08:05,275.436
2021-10-19 02:08:46,275.242
2021-10-19 02:09:26,274.879
2021-10-19 02:10:06,274.814
2021-10-19 02:10:46,274.539
2021-10-19 02:11:26,274.226
2021-10-19 02:12:07,274.226
2021-10-19 02:12:47,273.976
2021-10-19 02:13:27,273.812
2021-10-19 02:14:07,273.551
2021-10-19 02:14:47,273.478
2021-10-19 02:15:27,273.478
2021-10-19 02:16:07,273.189
2021-10-19 02:16:47,272.796
2021-10-19 02:17:28,272.677
2021-10-19 02:18:08,272.41
2021-10-19 02:18:48,272.41
2021-10-19 02:19:28,272.203
2021-10-19 02:20:08,271.948
2021-10-19 02:20:49,271.81
2021-10-19 02:21:29,271.608
2021-10-19 02:22:09,271.608
2021-10-19 02:22:49,271.321
2021-10-19 02:23:29,270.96
2021-10-19 02:24:09,270.824
2021-10-19 02:24:49,270.604
2021-10-19 02:25:30,270.604
2021-10-19 02:26:10,270.23
2021-10-19 02:26:50,270.108
2021-10-19 02:27:30,269.978
2021-10-19 02:28:10,269.718
2021-10-19 02:28:50,269.718
2021-10-19 02:29:31,269.417
2021-10-19 02:30:11,269.188
2021-10-19 02:30:51,268.91
2021-10-19 02:31:31,268.67
2021-10-19 02:32:11,268.67
2021-10-19 02:32:51,268.357
2021-10-19 02:33:31,268.197
2021-10-19 02:34:12,267.871
2021-10-19 02:34:52,267.699
2021-10-19 02:35:32,267.699
2021-10-19 02:36:12,267.27
2021-10-19 02:36:52,267.194
2021-10-19 02:37:32,266.884
2021-10-19 02:38:13,266.631
2021-10-19 02:38:53,266.631
2021-10-19 02:39:33,266.269
2021-10-19 02:40:13,266.061
2021-10-19 02:40:53,265.84
2021-10-19 02:41:33,265.405
2021-10-19 02:42:14,265.405
2021-10-19 02:42:54,265.321
2021-10-19 02:43:34,265.118
2021-10-19 02:44:14,264.819
2021-10-19 02:44:54,264.533
2021-10-19 02:45:35,264.533
2021-10-19 02:46:15,264.245
2021-10-19 02:46:55,264.033
2021-10-19 02:47:35,263.82
2021-10-19 02:48:15,263.531
2021-10-19 02:48:55,263.531
2021-10-19 02:49:35,263.421
2021-10-19 02:50:16,263.014
2021-10-19 02:50:56,262.818
2021-10-19 02:51:36,262.385
2021-10-19 02:52:16,262.385
2021-10-19 02:52:56,262.221
2021-10-19 02:53:36,262.032
2021-10-19 02:54:16,261.681
2021-10-19 02:54:56,261.587
2021-10-19 02:55:37,261.587
2021-10-19 02:56:17,261.127
2021-10-19 02:56:57,260.987
2021-10-19 02:57:37,260.68
2021-10-19 02:58:17,260.357
2021-10-19 02:58:57,260.104
2021-10-19 02:59:38,260.104
2021-10-19 03:00:18,259.782
2021-10-19 03:00:58,259.77
2021-10-19 03:01:38,259.505
2021-10-19 03:02:18,259.086
2021-10-19 03:02:58,259.086
2021-10-19 03:03:38,258.934
2021-10-19 03:04:19,258.548
2021-10-19 03:04:59,258.467
2021-10-19 03:05:39,258.116
2021-10-19 03:06:19,258.116
2021-10-19 03:06:59,257.873
2021-10-19 03:07:39,257.647
2021-10-19 03:08:20,257.313
2021-10-19 03:09:00,257.162
2021-10-19 03:09:40,257.162
2021-10-19 03:10:20,256.906
2021-10-19 03:11:00,256.562
2021-10-19 03:11:40,256.284
2021-10-19 03:12:21,256.006
2021-10-19 03:13:01,256.006
2021-10-19 03:13:41,255.72
2021-10-19 03:14:21,255.585
2021-10-19 03:15:01,255.349
2021-10-19 03:15:42,255.134
2021-10-19 03:16:22,255.134
2021-10-19 03:17:02,254.871
2021-10-19 03:17:42,254.512
2021-10-19 03:18:22,254.268
2021-10-19 03:19:03,253.91
2021-10-19 03:19:43,253.91
2021-10-19 03:20:23,253.742
2021-10-19 03:21:03,253.427
2021-10-19 03:21:43,253.31
2021-10-19 03:22:24,253.03
2021-10-19 03:23:04,253.03
2021-10-19 03:23:44,252.827
2021-10-19 03:24:24,252.592
2021-10-19 03:25:04,252.242
2021-10-19 03:25:44,252.027
2021-10-19 03:26:25,252.027
2021-10-19 03:27:05,251.704
2021-10-19 03:27:45,251.485
2021-10-19 03:28:25,251.316
2021-10-19 03:29:05,251.008
2021-10-19 03:29:45,251.008
2021-10-19 03:30:25,250.753
2021-10-19 03:31:05,250.424
2021-10-19 03:31:46,250.151
2021-10-19 03:32:26,249.993
2021-10-19 03:33:06,249.993
2021-10-19 03:33:46,249.785
2021-10-19 03:34:26,249.489
2021-10-19 03:35:06,249.243
2021-10-19 03:35:47,248.965
2021-10-19 03:36:27,248.965
2021-10-19 03:37:07,248.732
2021-10-19 03:37:47,248.41
2021-10-19 03:38:27,248.233
2021-10-19 03:39:07,247.938
2021-10-19 03:39:48,247.692
2021-10-19 03:40:28,247.692
2021-10-19 03:41:08,247.449
2021-10-19 03:41:48,247.121
2021-10-19 03:42:28,246.966
2021-10-19 03:43:08,246.723
2021-10-19 03:43:49,246.723
2021-10-19 03:44:29,246.485
2021-10-19 03:45:09,246.149
2021-10-19 03:45:49,246.044
2021-10-19 03:46:29,246.044
2021-10-19 03:47:09,245.714
2021-10-19 03:47:49,245.512
2021-10-19 03:48:30,245.258
2021-10-19 03:49:10,245.013
2021-10-19 03:49:50,245.013
2021-10-19 03:50:30,244.734
2021-10-19 03:51:10,244.461
2021-10-19 03:51:50,244.26
2021-10-19 03:52:30,243.942
2021-10-19 03:53:11,243.783
2021-10-19 03:53:51,243.783
2021-10-19 03:54:31,243.473
2021-10-19 03:55:11,243.135
2021-10-19 03:55:51,243.082
2021-10-19 03:56:31,242.807
2021-10-19 03:57:11,242.807
2021-10-19 03:57:52,242.395
2021-10-19 03:58:32,242.365
2021-10-19 03:59:12,241.992
2021-10-19 03:59:52,241.782
2021-10-19 04:00:32,241.782
2021-10-19 04:01:12,241.562
2021-10-19 04:01:53,241.239
2021-10-19 04:02:33,241.117
2021-10-19 04:03:13,240.854
2021-10-19 04:03:53,240.854
2021-10-19 04:04:33,240.55
2021-10-19 04:05:13,240.342
2021-10-19 04:05:53,240.084
2021-10-19 04:06:34,239.849
2021-10-19 04:07:14,239.849
2021-10-19 04:07:54,239.672
2021-10-19 04:08:34,239.439
2021-10-19 04:09:14,239.039
2021-10-19 04:09:54,238.863
2021-10-19 04:10:35,238.863
2021-10-19 04:11:15,238.491
2021-10-19 04:11:55,238.444
2021-10-19 04:12:35,238.093
2021-10-19 04:13:15,237.941
2021-10-19 04:13:55,237.941
2021-10-19 04:14:35,237.707
2021-10-19 04:15:15,237.405
2021-10-19 04:15:56,237.211
2021-10-19 04:16:36,236.958
2021-10-19 04:17:16,236.958
2021-10-19 04:17:56,236.685
2021-10-19 04:18:36,236.49
2021-10-19 04:19:16,236.296
2021-10-19 04:19:56,236.014
2021-10-19 04:20:37,236.014
2021-10-19 04:21:17,235.674
2021-10-19 04:21:57,235.527
2021-10-19 04:22:37,235.307
2021-10-19 04:23:17,234.986
2021-10-19 04:23:57,234.986
2021-10-19 04:24:38,234.739
2021-10-19 04:25:18,234.503
2021-10-19 04:25:58,234.349
2021-10-19 04:26:38,233.993
2021-10-19 04:27:18,233.993
2021-10-19 04:27:58,233.862
2021-10-19 04:28:39,233.576
2021-10-19 04:29:19,233.387
2021-10-19 04:29:59,233.1
2021-10-19 04:30:39,233.1
2021-10-19 04:31:19,232.924
2021-10-19 04:31:59,232.717
2021-10-19 04:32:40,232.379
2021-10-19 04:33:20,232.16
2021-10-19 04:34:00,232.16
2021-10-19 04:34:40,231.894
2021-10-19 04:35:20,231.787
2021-10-19 04:36:00,231.491
2021-10-19 04:36:41,231.162
2021-10-19 04:37:21,231.162
2021-10-19 04:38:01,231.011
2021-10-19 04:38:41,230.827
2021-10-19 04:39:21,230.484
2021-10-19 04:40:02,230.301
2021-10-19 04:40:42,230.096
2021-10-19 04:41:22,230.096
2021-10-19 04:42:02,229.791
2021-10-19 04:42:42,229.537
2021-10-19 04:43:22,229.328
2021-10-19 04:44:03,229.102
2021-10-19 04:44:43,229.102
2021-10-19 04:45:23,228.868
2021-10-19 04:46:03,228.707
2021-10-19 04:46:43,228.423
2021-10-19 04:47:23,228.251
2021-10-19 04:48:03,228.251
2021-10-19 04:48:44,227.977
2021-10-19 04:49:24,227.743
2021-10-19 04:50:04,227.482
2021-10-19 04:50:44,227.187
2021-10-19 04:51:24,227.187
2021-10-19 04:52:04,227.09
2021-10-19 04:52:45,226.743
2021-10-19 04:53:25,226.484
2021-10-19 04:54:05,226.328
2021-10-19 04:54:45,226.328
2021-10-19 04:55:25,226.075
2021-10-19 04:56:05,225.889
2021-10-19 04:56:45,225.636
2021-10-19 04:57:25,225.468
2021-10-19 04:58:06,225.468
2021-10-19 04:58:46,225.134
2021-10-19 04:59:26,224.893
2021-10-19 05:00:06,224.712
2021-10-19 05:00:46,224.514
2021-10-19 05:01:26,224.514
2021-10-19 05:02:07,224.306
2021-10-19 05:02:47,224.047
2021-10-19 05:03:27,223.798
2021-10-19 05:04:07,223.558
2021-10-19 05:04:47,223.558
2021-10-19 05:05:28,223.269
2021-10-19 05:06:08,223.087
2021-10-19 05:06:48,222.954
2021-10-19 05:07:28,222.679
2021-10-19 05:08:08,222.679
2021-10-19 05:08:49,222.478
2021-10-19 05:09:29,222.203
2021-10-19 05:10:09,222.035
2021-10-19 05:10:49,221.787
2021-10-19 05:11:29,221.787
2021-10-19 05:12:09,221.497
2021-10-19 05:12:49,221.347
2021-10-19 05:13:30,221.023
2021-10-19 05:14:10,220.877
2021-10-19 05:14:50,220.877
2021-10-19 05:15:30,220.566
2021-10-19 05:16:10,220.36
2021-10-19 05:16:51,220.154
2021-10-19 05:17:31,219.885
2021-10-19 05:18:11,219.885
2021-10-19 05:18:51,219.741
2021-10-19 05:19:31,219.388
2021-10-19 05:20:11,219.238
2021-10-19 05:20:52,219.053
2021-10-19 05:21:32,219.053
2021-10-19 05:22:12,218.822
2021-10-19 05:22:52,218.587
2021-10-19 05:23:32,218.43
2021-10-19 05:24:13,218.177
2021-10-19 05:24:53,217.928
2021-10-19 05:25:33,217.928
2021-10-19 05:26:13,217.795
2021-10-19 05:26:53,217.491
2021-10-19 05:27:33,217.289
2021-10-19 05:28:14,217.073
2021-10-19 05:28:54,217.073
2021-10-19 05:29:34,216.859
2021-10-19 05:30:14,216.602
2021-10-19 05:30:54,216.408
2021-10-19 05:31:34,216.097
2021-10-19 05:32:14,216.097
2021-10-19 05:32:54,215.927
2021-10-19 05:33:35,215.658
2021-10-19 05:34:15,215.483
2021-10-19 05:34:55,215.327
2021-10-19 05:35:35,215.327
2021-10-19 05:36:15,215.06
2021-10-19 05:36:56,214.834
2021-10-19 05:37:36,214.586
2021-10-19 05:38:16,214.369
2021-10-19 05:38:56,214.369
2021-10-19 05:39:36,214.168
2021-10-19 05:40:16,213.889
2021-10-19 05:40:56,213.729
2021-10-19 05:41:37,213.505
2021-10-19 05:42:17,213.505
2021-10-19 05:42:57,213.33
2021-10-19 05:43:37,213.06
2021-10-19 05:44:17,212.938
2021-10-19 05:44:58,212.657
2021-10-19 05:45:38,212.657
2021-10-19 05:46:18,212.43
2021-10-19 05:46:58,212.205
2021-10-19 05:47:38,211.942
2021-10-19 05:48:18,211.823
2021-10-19 05:48:59,211.823
2021-10-19 05:49:39,211.589
2021-10-19 05:50:19,211.31
2021-10-19 05:50:59,211.182
2021-10-19 05:51:39,211.034
2021-10-19 05:52:19,211.034
2021-10-19 05:53:00,210.722
2021-10-19 05:53:40,210.468
2021-10-19 05:54:20,210.21
2021-10-19 05:55:00,210.067
2021-10-19 05:55:40,210.067
2021-10-19 05:56:20,209.783
2021-10-19 05:57:00,209.594
2021-10-19 05:57:41,209.507
2021-10-19 05:58:21,209.191
2021-10-19 05:59:01,209.191
2021-10-19 05:59:41,208.957
2021-10-19 06:00:21,208.697
2021-10-19 06:01:01,208.52
2021-10-19 06:01:41,208.392
2021-10-19 06:02:22,208.392
2021-10-19 06:03:02,208.038
2021-10-19 06:03:42,207.854
2021-10-19 06:04:22,207.704
2021-10-19 06:05:02,207.459
2021-10-19 06:05:42,207.459
2021-10-19 06:06:23,207.31
2021-10-19 06:07:03,207.061
2021-10-19 06:07:43,206.87
2021-10-19 06:08:23,206.611
2021-10-19 06:09:03,206.4
2021-10-19 06:09:43,206.4
2021-10-19 06:10:23,206.198
2021-10-19 06:11:04,205.922
2021-10-19 06:11:44,205.756
2021-10-19 06:12:24,205.567
2021-10-19 06:13:04,205.567
2021-10-19 06:13:44,205.329
2021-10-19 06:14:24,205.113
2021-10-19 06:15:04,204.873
2021-10-19 06:15:45,204.751
2021-10-19 06:16:25,204.751
2021-10-19 06:17:05,204.439
2021-10-19 06:17:45,204.253
2021-10-19 06:18:25,204.051
2021-10-19 06:19:05,203.834
2021-10-19 06:19:45,203.834
2021-10-19 06:20:25,203.612
2021-10-19 06:21:06,203.505
2021-10-19 06:21:46,203.241
2021-10-19 06:22:26,203.053
2021-10-19 06:23:06,203.053
2021-10-19 06:23:46,202.795
2021-10-19 06:24:26,202.684
2021-10-19 06:25:06,202.416
2021-10-19 06:25:47,202.188
2021-10-19 06:26:27,202.188
2021-10-19 06:27:07,202.07
2021-10-19 06:27:47,201.753
2021-10-19 06:28:27,201.575
2021-10-19 06:29:07,201.323
2021-10-19 06:29:48,201.323
2021-10-19 06:30:28,201.1
2021-10-19 06:31:08,200.911
2021-10-19 06:31:48,200.705
2021-10-19 06:32:28,200.472
2021-10-19 06:33:08,200.472
2021-10-19 06:33:49,200.267
2021-10-19 06:34:29,200.061
2021-10-19 06:35:09,199.89
2021-10-19 06:35:49,199.758
2021-10-19 06:36:29,199.758
2021-10-19 06:37:09,199.482
2021-10-19 06:37:49,199.293
2021-10-19 06:38:29,199.05
2021-10-19 06:39:10,198.86
2021-10-19 06:39:50,198.86
2021-10-19 06:40:30,198.647
2021-10-19 06:41:10,198.452
2021-10-19 06:41:50,198.252
2021-10-19 06:42:31,197.994
2021-10-19 06:43:11,197.994
2021-10-19 06:43:51,197.842
2021-10-19 06:44:31,197.707
2021-10-19 06:45:11,197.446
2021-10-19 06:45:51,197.267
2021-10-19 06:46:32,197.267
2021-10-19 06:47:12,197.084
2021-10-19 06:47:52,196.822
2021-10-19 06:48:32,196.543
2021-10-19 06:49:12,196.363
2021-10-19 06:49:52,196.363
2021-10-19 06:50:33,196.233
2021-10-19 06:51:13,195.951
2021-10-19 06:51:53,195.825
2021-10-19 06:52:33,195.593
2021-10-19 06:53:13,195.39
2021-10-19 06:53:53,195.39
2021-10-19 06:54:34,195.167
2021-10-19 06:55:14,194.998
2021-10-19 06:55:54,194.795
2021-10-19 06:56:34,194.612
2021-10-19 06:57:14,194.612
2021-10-19 06:57:54,194.381
2021-10-19 06:58:35,194.128
2021-10-19 06:59:15,193.969
2021-10-19 06:59:55,193.743
2021-10-19 07:00:35,193.743
2021-10-19 07:01:15,193.564
2021-10-19 07:01:55,193.364
2021-10-19 07:02:35,193.135
2021-10-19 07:03:16,192.947
2021-10-19 07:03:56,192.947
2021-10-19 07:04:36,192.774
2021-10-19 07:05:16,192.579
2021-10-19 07:05:56,192.373
2021-10-19 07:06:36,192.161
2021-10-19 07:07:17,192.161
2021-10-19 07:07:57,191.953
2021-10-19 07:08:37,191.734
2021-10-19 07:09:17,191.53
2021-10-19 07:09:57,191.263
2021-10-19 07:10:37,191.263
2021-10-19 07:11:18,191.185
2021-10-19 07:11:58,191.007
2021-10-19 07:12:38,190.738
2021-10-19 07:13:18,190.559
2021-10-19 07:13:58,190.559
2021-10-19 07:14:39,190.294
2021-10-19 07:15:19,190.153
2021-10-19 07:15:59,189.984
2021-10-19 07:16:39,189.688
2021-10-19 07:17:19,189.688
2021-10-19 07:17:59,189.545
2021-10-19 07:18:39,189.336
2021-10-19 07:19:20,189.12
2021-10-19 07:20:00,188.91
2021-10-19 07:20:40,188.91
2021-10-19 07:21:20,188.73
2021-10-19 07:22:00,188.609
2021-10-19 07:22:41,188.32
2021-10-19 07:23:21,188.226
2021-10-19 07:24:01,188.226
2021-10-19 07:24:41,187.982
2021-10-19 07:25:21,187.802
2021-10-19 07:26:01,187.519
2021-10-19 07:26:41,187.396
2021-10-19 07:27:22,187.396
2021-10-19 07:28:02,187.114
2021-10-19 07:28:42,186.995
2021-10-19 07:29:22,186.795
2021-10-19 07:30:02,186.527
2021-10-19 07:30:42,186.527
2021-10-19 07:31:23,186.407
2021-10-19 07:32:03,186.181
2021-10-19 07:32:43,186.011
2021-10-19 07:33:23,185.775
2021-10-19 07:34:03,185.775
2021-10-19 07:34:43,185.574
2021-10-19 07:35:23,185.441
2021-10-19 07:36:03,185.189
2021-10-19 07:36:44,185.044
2021-10-19 07:37:24,184.802
2021-10-19 07:38:04,184.802
2021-10-19 07:38:44,184.596
2021-10-19 07:39:24,184.409
2021-10-19 07:40:04,184.202
2021-10-19 07:40:45,184.0
2021-10-19 07:41:25,184.0
2021-10-19 07:42:05,183.768
2021-10-19 07:42:45,183.603
2021-10-19 07:43:25,183.457
2021-10-19 07:44:05,183.2
2021-10-19 07:44:45,183.2
2021-10-19 07:45:26,183.075
2021-10-19 07:46:06,182.87
2021-10-19 07:46:46,182.672
2021-10-19 07:47:26,182.468
2021-10-19 07:48:06,182.468
2021-10-19 07:48:47,182.292
2021-10-19 07:49:27,182.088
2021-10-19 07:50:07,181.915
2021-10-19 07:50:47,181.701
2021-10-19 07:51:27,181.701
2021-10-19 07:52:07,181.491
2021-10-19 07:52:47,181.364
2021-10-19 07:53:27,181.152
2021-10-19 07:54:08,180.909
2021-10-19 07:54:48,180.909
2021-10-19 07:55:28,180.752
2021-10-19 07:56:08,180.534
2021-10-19 07:56:48,180.379
2021-10-19 07:57:28,180.144
2021-10-19 07:58:09,180.144
2021-10-19 07:58:49,179.922
2021-10-19 07:59:29,179.772
2021-10-19 08:00:09,179.598
2021-10-19 08:00:49,179.371
2021-10-19 08:01:30,179.371
2021-10-19 08:02:10,179.194
2021-10-19 08:02:50,178.997
2021-10-19 08:03:30,178.801
2021-10-19 08:04:10,178.612
2021-10-19 08:04:50,178.612
2021-10-19 08:05:30,178.455
2021-10-19 08:06:11,178.203
2021-10-19 08:06:51,178.003
2021-10-19 08:07:31,177.813
2021-10-19 08:08:11,177.813
2021-10-19 08:08:51,177.662
2021-10-19 08:09:31,177.451
2021-10-19 08:10:12,177.267
2021-10-19 08:10:52,177.058
2021-10-19 08:11:32,177.058
2021-10-19 08:12:12,176.864
2021-10-19 08:12:52,176.671
2021-10-19 08:13:32,176.48
2021-10-19 08:14:13,176.337
2021-10-19 08:14:53,176.337
2021-10-19 08:15:33,176.159
2021-10-19 08:16:13,175.961
2021-10-19 08:16:53,175.749
2021-10-19 08:17:33,175.617
2021-10-19 08:18:14,175.617
2021-10-19 08:18:54,175.333
2021-10-19 08:19:34,175.17
2021-10-19 08:20:14,175.003
2021-10-19 08:20:54,174.785
2021-10-19 08:21:35,174.618
2021-10-19 08:22:15,174.618
2021-10-19 08:22:55,174.398
2021-10-19 08:23:35,174.201
2021-10-19 08:24:15,174.035
2021-10-19 08:24:56,173.811
2021-10-19 08:25:36,173.811
2021-10-19 08:26:16,173.714
2021-10-19 08:26:56,173.47
2021-10-19 08:27:36,173.354
2021-10-19 08:28:16,173.076
2021-10-19 08:28:56,173.076
2021-10-19 08:29:37,172.91
2021-10-19 08:30:17,172.731
2021-10-19 08:30:57,172.508
2021-10-19 08:31:37,172.297
2021-10-19 08:32:17,172.297
2021-10-19 08:32:57,172.108
2021-10-19 08:33:38,171.914
2021-10-19 08:34:18,171.715
2021-10-19 08:34:58,171.588
2021-10-19 08:35:38,171.588
2021-10-19 08:36:18,171.348
2021-10-19 08:36:58,171.151
2021-10-19 08:37:39,170.96
2021-10-19 08:38:19,170.797
2021-10-19 08:38:59,170.797
2021-10-19 08:39:39,170.574
2021-10-19 08:40:19,170.412
2021-10-19 08:40:59,170.189
2021-10-19 08:41:39,170.048
2021-10-19 08:42:20,170.048
2021-10-19 08:43:00,169.936
2021-10-19 08:43:40,169.665
2021-10-19 08:44:20,169.533
2021-10-19 08:45:00,169.403
2021-10-19 08:45:40,169.403
2021-10-19 08:46:20,169.117
2021-10-19 08:47:01,168.99
2021-10-19 08:47:41,168.741
2021-10-19 08:48:21,168.554
2021-10-19 08:49:01,168.554
2021-10-19 08:49:41,168.344
2021-10-19 08:50:21,168.182
2021-10-19 08:51:01,168.062
2021-10-19 08:51:42,167.774
2021-10-19 08:52:22,167.774
2021-10-19 08:53:02,167.643
2021-10-19 08:53:42,167.504
2021-10-19 08:54:22,167.297
2021-10-19 08:55:02,167.092
2021-10-19 08:55:43,167.092
2021-10-19 08:56:23,166.912
2021-10-19 08:57:03,166.72
2021-10-19 08:57:43,166.511
2021-10-19 08:58:23,166.317
2021-10-19 08:59:03,166.317
2021-10-19 08:59:43,166.163
2021-10-19 09:00:24,165.977
2021-10-19 09:01:04,165.752
2021-10-19 09:01:44,165.58
2021-10-19 09:02:24,165.58
2021-10-19 09:03:04,165.383
2021-10-19 09:03:44,165.148
2021-10-19 09:04:24,165.034
2021-10-19 09:05:05,164.845
2021-10-19 09:05:45,164.845
2021-10-19 09:06:25,164.65
2021-10-19 09:07:05,164.409
2021-10-19 09:07:45,164.29
2021-10-19 09:08:25,164.078
2021-10-19 09:09:06,163.891
2021-10-19 09:09:46,163.891
2021-10-19 09:10:26,163.724
2021-10-19 09:11:06,163.555
2021-10-19 09:11:46,163.33
2021-10-19 09:12:26,163.183
2021-10-19 09:13:07,163.183
2021-10-19 09:13:47,162.983
2021-10-19 09:14:27,162.864
2021-10-19 09:15:07,162.606
2021-10-19 09:15:47,162.459
2021-10-19 09:16:27,162.459
2021-10-19 09:17:07,162.269
2021-10-19 09:17:48,162.025
2021-10-19 09:18:28,161.872
2021-10-19 09:19:08,161.71
2021-10-19 09:19:48,161.71
2021-10-19 09:20:28,161.529
2021-10-19 09:21:08,161.31
2021-10-19 09:21:49,161.159
2021-10-19 09:22:29,161.01
2021-10-19 09:23:09,161.01
2021-10-19 09:23:49,160.767
2021-10-19 09:24:29,160.613
2021-10-19 09:25:10,160.42
2021-10-19 09:25:50,160.277
2021-10-19 09:26:30,160.277
2021-10-19 09:27:10,159.969
2021-10-19 09:27:50,159.862
2021-10-19 09:28:31,159.682
2021-10-19 09:29:11,159.493
2021-10-19 09:29:51,159.493
2021-10-19 09:30:31,159.295
2021-10-19 09:31:11,159.093
2021-10-19 09:31:51,158.911
2021-10-19 09:32:32,158.746
2021-10-19 09:33:12,158.746
2021-10-19 09:33:52,158.591
2021-10-19 09:34:32,158.369
2021-10-19 09:35:12,158.184
2021-10-19 09:35:52,157.979
2021-10-19 09:36:33,157.979
2021-10-19 09:37:13,157.864
2021-10-19 09:37:53,157.647
2021-10-19 09:38:33,157.46
2021-10-19 09:39:13,157.287
2021-10-19 09:39:53,157.287
2021-10-19 09:40:33,157.101
2021-10-19 09:41:14,156.913
2021-10-19 09:41:54,156.77
2021-10-19 09:42:34,156.555
2021-10-19 09:43:14,156.555
2021-10-19 09:43:54,156.396
2021-10-19 09:44:34,156.158
2021-10-19 09:45:14,156.017
2021-10-19 09:45:55,155.824
2021-10-19 09:46:35,155.824
2021-10-19 09:47:15,155.589
2021-10-19 09:47:55,155.413
2021-10-19 09:48:35,155.296
2021-10-19 09:49:15,155.061
2021-10-19 09:49:56,155.061
2021-10-19 09:50:36,154.913
2021-10-19 09:51:16,154.741
2021-10-19 09:51:56,154.468
2021-10-19 09:52:36,154.327
2021-10-19 09:53:17,154.327
2021-10-19 09:53:57,154.134
2021-10-19 09:54:37,153.971
2021-10-19 09:55:17,153.813
2021-10-19 09:55:57,153.621
2021-10-19 09:56:37,153.621
2021-10-19 09:57:17,153.422
2021-10-19 09:57:58,153.232
2021-10-19 09:58:38,153.039
2021-10-19 09:59:18,152.901
2021-10-19 09:59:58,152.901
2021-10-19 10:00:38,152.66
2021-10-19 10:01:18,152.53
2021-10-19 10:01:58,152.326
2021-10-19 10:02:39,152.146
2021-10-19 10:03:19,152.146
2021-10-19 10:03:59,151.996
2021-10-19 10:04:39,151.784
2021-10-19 10:05:19,151.586
2021-10-19 10:06:00,151.432
2021-10-19 10:06:40,151.25
2021-10-19 10:07:20,151.25
2021-10-19 10:08:00,151.04
2021-10-19 10:08:40,150.895
2021-10-19 10:09:21,150.702
2021-10-19 10:10:01,150.518
2021-10-19 10:10:41,150.518
2021-10-19 10:11:21,150.33
2021-10-19 10:12:01,150.123
2021-10-19 10:12:41,149.985
2021-10-19 10:13:22,149.766
2021-10-19 10:14:02,149.766
2021-10-19 10:14:42,149.577
2021-10-19 10:15:22,149.409
2021-10-19 10:16:02,149.239
2021-10-19 10:16:42,149.089
2021-10-19 10:17:23,149.089
2021-10-19 10:18:03,148.855
2021-10-19 10:18:43,148.671
2021-10-19 10:19:23,148.494
2021-10-19 10:20:03,148.346
2021-10-19 10:20:44,148.346
2021-10-19 10:21:24,148.117
2021-10-19 10:22:04,147.996
2021-10-19 10:22:44,147.769
2021-10-19 10:23:24,147.574
2021-10-19 10:24:04,147.574
2021-10-19 10:24:44,147.45
2021-10-19 10:25:25,147.251
2021-10-19 10:26:05,147.06
2021-10-19 10:26:45,146.875
2021-10-19 10:27:25,146.875
2021-10-19 10:28:05,146.691
2021-10-19 10:28:45,146.494
2021-10-19 10:29:26,146.335
2021-10-19 10:30:06,146.133
2021-10-19 10:30:46,146.133
2021-10-19 10:31:26,145.942
2021-10-19 10:32:06,145.754
2021-10-19 10:32:46,145.57
2021-10-19 10:33:26,145.416
2021-10-19 10:34:07,145.416
2021-10-19 10:34:47,145.236
2021-10-19 10:35:27,145.071
2021-10-19 10:36:07,144.885
2021-10-19 10:36:47,144.694
2021-10-19 10:37:27,144.694
2021-10-19 10:38:08,144.554
2021-10-19 10:38:48,144.281
2021-10-19 10:39:28,144.144
2021-10-19 10:40:08,143.975
2021-10-19 10:40:48,143.975
2021-10-19 10:41:28,143.814
2021-10-19 10:42:08,143.634
2021-10-19 10:42:49,143.464
2021-10-19 10:43:29,143.266
2021-10-19 10:44:09,143.266
2021-10-19 10:44:49,143.092
2021-10-19 10:45:29,142.881
2021-10-19 10:46:10,142.732
2021-10-19 10:46:50,142.518
2021-10-19 10:47:30,142.292
2021-10-19 10:48:10,142.292
2021-10-19 10:48:50,142.143
2021-10-19 10:49:31,141.963
2021-10-19 10:50:11,141.8
2021-10-19 10:50:51,141.614
2021-10-19 10:51:31,141.614
2021-10-19 10:52:11,141.428
2021-10-19 10:52:52,141.305
2021-10-19 10:53:32,141.031
2021-10-19 10:54:12,140.876
2021-10-19 10:54:52,140.876
2021-10-19 10:55:32,140.663
2021-10-19 10:56:12,140.51
2021-10-19 10:56:53,140.395
2021-10-19 10:57:33,140.162
2021-10-19 10:58:13,140.162
2021-10-19 10:58:53,139.971
2021-10-19 10:59:33,139.833
2021-10-19 11:00:13,139.623
2021-10-19 11:00:53,139.411
2021-10-19 11:01:33,139.411
2021-10-19 11:02:14,139.252
2021-10-19 11:02:54,139.101
2021-10-19 11:03:34,138.872
2021-10-19 11:04:14,138.682
2021-10-19 11:04:54,138.682
2021-10-19 11:05:34,138.482
2021-10-19 11:06:15,138.375
2021-10-19 11:06:55,138.112
2021-10-19 11:07:35,138.016
2021-10-19 11:08:15,138.016
2021-10-19 11:08:55,137.796
2021-10-19 11:09:35,137.628
2021-10-19 11:10:16,137.438
2021-10-19 11:10:56,137.284
2021-10-19 11:11:36,137.284
2021-10-19 11:12:16,137.087
2021-10-19 11:12:56,136.901
2021-10-19 11:13:36,136.693
2021-10-19 11:14:17,136.504
2021-10-19 11:14:57,136.504
2021-10-19 11:15:37,136.34
2021-10-19 11:16:17,136.173
2021-10-19 11:16:58,135.957
2021-10-19 11:17:38,135.787
2021-10-19 11:18:18,135.787
2021-10-19 11:18:58,135.629
2021-10-19 11:19:38,135.461
2021-10-19 11:20:18,135.261
2021-10-19 11:20:59,135.117
2021-10-19 11:21:39,135.117
2021-10-19 11:22:19,134.92
2021-10-19 11:22:59,134.737
2021-10-19 11:23:39,134.582
2021-10-19 11:24:19,134.421
2021-10-19 11:24:59,134.421
2021-10-19 11:25:40,134.195
2021-10-19 11:26:20,133.992
2021-10-19 11:27:00,133.82
2021-10-19 11:27:40,133.675
2021-10-19 11:28:21,133.459
2021-10-19 11:29:01,133.459
2021-10-19 11:29:41,133.291
2021-10-19 11:30:21,133.066
2021-10-19 11:31:01,132.902
2021-10-19 11:31:41,132.707
2021-10-19 11:32:22,132.707
2021-10-19 11:33:02,132.546
2021-10-19 11:33:42,132.34
2021-10-19 11:34:22,132.188
2021-10-19 11:35:02,131.989
2021-10-19 11:35:42,131.989
2021-10-19 11:36:23,131.829
2021-10-19 11:37:03,131.628
2021-10-19 11:37:43,131.445
2021-10-19 11:38:23,131.288
2021-10-19 11:39:03,131.288
2021-10-19 11:39:44,131.108
2021-10-19 11:40:24,130.909
2021-10-19 11:41:04,130.77
2021-10-19 11:41:44,130.554
2021-10-19 11:42:24,130.554
2021-10-19 11:43:04,130.393
2021-10-19 11:43:44,130.194
2021-10-19 11:44:24,129.979
2021-10-19 11:45:05,129.851
2021-10-19 11:45:45,129.851
2021-10-19 11:46:25,129.68
2021-10-19 11:47:05,129.498
2021-10-19 11:47:45,129.295
2021-10-19 11:48:25,129.104
2021-10-19 11:49:06,129.104
2021-10-19 11:49:46,128.953
2021-10-19 11:50:26,128.717
2021-10-19 11:51:06,128.569
2021-10-19 11:51:46,128.376
2021-10-19 11:52:26,128.376
2021-10-19 11:53:06,128.208
2021-10-19 11:53:47,128.008
2021-10-19 11:54:27,127.833
2021-10-19 11:55:07,127.605
2021-10-19 11:55:47,127.605
2021-10-19 11:56:27,127.443
2021-10-19 11:57:07,127.289
2021-10-19 11:57:48,127.1
2021-10-19 11:58:28,126.919
2021-10-19 11:59:08,126.919
2021-10-19 11:59:48,126.731
2021-10-19 12:00:28,126.524
2021-10-19 12:01:08,126.353
2021-10-19 12:01:48,126.196
2021-10-19 12:02:29,126.196
2021-10-19 12:03:09,125.996
2021-10-19 12:03:49,125.837
2021-10-19 12:04:29,125.627
2021-10-19 12:05:09,125.444
2021-10-19 12:05:49,125.444
2021-10-19 12:06:30,125.267
2021-10-19 12:07:10,125.086
2021-10-19 12:07:50,124.886
2021-10-19 12:08:30,124.717
2021-10-19 12:09:10,124.717
2021-10-19 12:09:50,124.53
2021-10-19 12:10:30,124.346
2021-10-19 12:11:10,124.197
2021-10-19 12:11:51,124.001
2021-10-19 12:12:31,123.773
2021-10-19 12:13:11,123.773
2021-10-19 12:13:51,123.6
2021-10-19 12:14:32,123.419
2021-10-19 12:15:12,123.208
2021-10-19 12:15:52,123.099
2021-10-19 12:16:32,123.099
2021-10-19 12:17:12,122.85
2021-10-19 12:17:53,122.687
2021-10-19 12:18:33,122.494
2021-10-19 12:19:13,122.362
2021-10-19 12:19:53,122.362
2021-10-19 12:20:33,122.142
2021-10-19 12:21:13,121.979
2021-10-19 12:21:54,121.806
2021-10-19 12:22:34,121.616
2021-10-19 12:23:14,121.616
2021-10-19 12:23:54,121.439
2021-10-19 12:24:34,121.249
2021-10-19 12:25:14,121.032
2021-10-19 12:25:54,120.837
2021-10-19 12:26:35,120.837
2021-10-19 12:27:15,120.689
2021-10-19 12:27:55,120.541
2021-10-19 12:28:35,120.335
2021-10-19 12:29:15,120.104
2021-10-19 12:29:55,120.104
2021-10-19 12:30:35,119.961
2021-10-19 12:31:16,119.732
2021-10-19 12:31:56,119.595
2021-10-19 12:32:36,119.363
2021-10-19 12:33:16,119.363
2021-10-19 12:33:56,119.189
2021-10-19 12:34:37,119.021
2021-10-19 12:35:17,118.845
2021-10-19 12:35:57,118.653
2021-10-19 12:36:37,118.653
2021-10-19 12:37:17,118.488
2021-10-19 12:37:57,118.267
2021-10-19 12:38:37,118.092
2021-10-19 12:39:18,117.91
2021-10-19 12:39:58,117.91
2021-10-19 12:40:38,117.727
2021-10-19 12:41:18,117.509
2021-10-19 12:41:58,117.375
2021-10-19 12:42:38,117.201
2021-10-19 12:43:18,117.201
2021-10-19 12:43:59,117.001
2021-10-19 12:44:39,116.765
2021-10-19 12:45:19,116.644
2021-10-19 12:45:59,116.44
2021-10-19 12:46:39,116.44
2021-10-19 12:47:19,116.241
2021-10-19 12:47:59,116.067
2021-10-19 12:48:40,115.857
2021-10-19 12:49:20,115.687
2021-10-19 12:50:00,115.687
2021-10-19 12:50:40,115.5
2021-10-19 12:51:20,115.312
2021-10-19 12:52:00,115.12
2021-10-19 12:52:41,114.913
2021-10-19 12:53:21,114.913
2021-10-19 12:54:01,114.752
2021-10-19 12:54:41,114.573
2021-10-19 12:55:21,114.371
2021-10-19 12:56:02,114.17
2021-10-19 12:56:42,113.996
2021-10-19 12:57:22,113.996
2021-10-19 12:58:02,113.792
2021-10-19 12:58:42,113.63
2021-10-19 12:59:23,113.427
2021-10-19 13:00:03,113.268
2021-10-19 13:00:43,113.268
2021-10-19 13:01:23,113.067
2021-10-19 13:02:03,112.876
2021-10-19 13:02:44,112.689
2021-10-19 13:03:24,112.512
2021-10-19 13:04:04,112.512
2021-10-19 13:04:44,112.334
2021-10-19 13:05:24,112.147
2021-10-19 13:06:05,111.955
2021-10-19 13:06:45,111.742
2021-10-19 13:07:25,111.742
2021-10-19 13:08:05,111.585
2021-10-19 13:08:45,111.374
2021-10-19 13:09:26,111.193
2021-10-19 13:10:06,111.026
2021-10-19 13:10:46,111.026
2021-10-19 13:11:26,110.807
2021-10-19 13:12:06,110.521
2021-10-19 13:12:47,110.411
2021-10-19 13:13:27,110.251
2021-10-19 13:14:07,110.251
2021-10-19 13:14:47,109.969
2021-10-19 13:15:27,109.898
2021-10-19 13:16:07,109.718
2021-10-19 13:16:48,109.517
2021-10-19 13:17:28,109.517
2021-10-19 13:18:08,109.296
2021-10-19 13:18:48,109.145
2021-10-19 13:19:28,108.866
2021-10-19 13:20:09,108.726
2021-10-19 13:20:49,108.726
2021-10-19 13:21:29,108.579
2021-10-19 13:22:09,108.345
2021-10-19 13:22:49,108.101
2021-10-19 13:23:30,107.98
2021-10-19 13:24:10,107.98
2021-10-19 13:24:50,107.794
2021-10-19 13:25:30,107.572
2021-10-19 13:26:10,107.363
2021-10-19 13:26:51,107.18
2021-10-19 13:27:31,107.18
2021-10-19 13:28:11,106.975
2021-10-19 13:28:51,106.899
2021-10-19 13:29:31,106.667
2021-10-19 13:30:11,106.397
2021-10-19 13:30:52,106.397
2021-10-19 13:31:32,106.226
2021-10-19 13:32:12,106.077
2021-10-19 13:32:52,105.775
2021-10-19 13:33:32,105.717
2021-10-19 13:34:13,105.717
2021-10-19 13:34:53,105.469
2021-10-19 13:35:33,105.27
2021-10-19 13:36:13,105.029
2021-10-19 13:36:53,104.893
2021-10-19 13:37:34,104.893
2021-10-19 13:38:14,104.721
2021-10-19 13:38:54,104.559
2021-10-19 13:39:34,104.415
2021-10-19 13:40:14,104.051
2021-10-19 13:40:54,104.051
2021-10-19 13:41:35,104.024
2021-10-19 13:42:15,103.796
2021-10-19 13:42:55,103.586
2021-10-19 13:43:35,103.372
2021-10-19 13:44:16,103.298
2021-10-19 13:44:56,103.298
2021-10-19 13:45:36,102.991
2021-10-19 13:46:16,102.866
2021-10-19 13:46:56,102.556
2021-10-19 13:47:37,102.47
2021-10-19 13:48:17,102.47
2021-10-19 13:48:57,102.213
2021-10-19 13:49:37,102.048
2021-10-19 13:50:17,101.743
2021-10-19 13:50:58,101.699
2021-10-19 13:51:38,101.699
2021-10-19 13:52:18,101.424
2021-10-19 13:52:58,101.277
2021-10-19 13:53:39,101.051
2021-10-19 13:54:19,100.906
2021-10-19 13:54:59,100.906
2021-10-19 13:55:39,100.694
2021-10-19 13:56:19,100.464
2021-10-19 13:56:59,100.346
2021-10-19 13:57:40,100.123
2021-10-19 13:58:20,100.123
2021-10-19 13:59:00,99.9044
2021-10-19 13:59:40,99.6844
2021-10-19 14:00:20,99.4413
2021-10-19 14:01:00,99.3155
2021-10-19 14:01:41,99.3155
2021-10-19 14:02:21,99.1555
2021-10-19 14:03:01,98.9028
2021-10-19 14:03:41,98.6819
2021-10-19 14:04:21,98.4871
2021-10-19 14:05:01,98.4871
2021-10-19 14:05:42,98.3097
2021-10-19 14:06:22,98.0855
2021-10-19 14:07:02,97.9607
2021-10-19 14:07:42,97.7277
2021-10-19 14:08:22,97.7277
2021-10-19 14:09:02,97.4344
2021-10-19 14:09:43,97.2744
2021-10-19 14:10:23,97.133
2021-10-19 14:11:03,96.9169
2021-10-19 14:11:43,96.9169
2021-10-19 14:12:23,96.7124
2021-10-19 14:13:03,96.5175
2021-10-19 14:13:44,96.3945
2021-10-19 14:14:24,96.1716
2021-10-19 14:15:04,96.1716
2021-10-19 14:15:44,95.9039
2021-10-19 14:16:24,95.7713
2021-10-19 14:17:04,95.5036
2021-10-19 14:17:45,95.349
2021-10-19 14:18:25,95.349
2021-10-19 14:19:05,95.1792
2021-10-19 14:19:45,95.034
2021-10-19 14:20:25,94.7862
2021-10-19 14:21:05,94.5562
2021-10-19 14:21:46,94.5562
2021-10-19 14:22:26,94.3808
2021-10-19 14:23:06,94.1289
2021-10-19 14:23:46,93.9224
2021-10-19 14:24:26,93.7917
2021-10-19 14:25:06,93.6323
2021-10-19 14:25:46,93.6323
2021-10-19 14:26:27,93.4454
2021-10-19 14:27:07,93.2274
2021-10-19 14:27:47,93.0021
2021-10-19 14:28:27,92.7451
2021-10-19 14:29:07,92.7451
2021-10-19 14:29:47,92.6728
2021-10-19 14:30:27,92.4257
2021-10-19 14:31:07,92.1853
2021-10-19 14:31:47,91.966
2021-10-19 14:32:28,91.966
2021-10-19 14:33:08,91.7948
2021-10-19 14:33:48,91.6087
2021-10-19 14:34:28,91.3627
2021-10-19 14:35:08,91.1655
2021-10-19 14:35:48,91.1655
2021-10-19 14:36:29,91.0216
2021-10-19 14:37:09,90.846
2021-10-19 14:37:49,90.525
2021-10-19 14:38:29,90.4292
2021-10-19 14:39:09,90.4292
2021-10-19 14:39:49,90.1618
2021-10-19 14:40:29,90.0042
2021-10-19 14:41:10,89.8036
2021-10-19 14:41:50,89.5156
2021-10-19 14:42:30,89.5156
2021-10-19 14:43:10,89.3413
2021-10-19 14:43:50,89.1284
2021-10-19 14:44:31,88.9783
2021-10-19 14:45:11,88.7826
2021-10-19 14:45:51,88.7826
2021-10-19 14:46:31,88.5588
2021-10-19 14:47:11,88.3999
2021-10-19 14:47:51,88.1528
2021-10-19 14:48:31,87.96
2021-10-19 14:49:12,87.96
2021-10-19 14:49:52,87.7703
2021-10-19 14:50:32,87.5753
2021-10-19 14:51:12,87.3308
2021-10-19 14:51:52,87.2524
2021-10-19 14:52:32,87.2524
2021-10-19 14:53:13,87.0173
2021-10-19 14:53:53,86.7509
2021-10-19 14:54:33,86.5428
2021-10-19 14:55:13,86.3791
2021-10-19 14:55:53,86.3791
2021-10-19 14:56:33,86.2355
2021-10-19 14:57:14,85.9395
2021-10-19 14:57:54,85.7585
2021-10-19 14:58:34,85.6191
2021-10-19 14:59:14,85.6191
2021-10-19 14:59:54,85.4018
2021-10-19 15:00:34,85.2019
2021-10-19 15:01:15,84.9947
2021-10-19 15:01:55,84.7968
2021-10-19 15:02:35,84.7968
2021-10-19 15:03:15,84.5668
2021-10-19 15:03:55,84.344
2021-10-19 15:04:35,84.1304
2021-10-19 15:05:16,83.957
2021-10-19 15:05:56,83.957
2021-10-19 15:06:36,83.7343
2021-10-19 15:07:16,83.5797
2021-10-19 15:07:56,83.3913
2021-10-19 15:08:37,83.1315
2021-10-19 15:09:17,82.9404
2021-10-19 15:09:57,82.9404
2021-10-19 15:10:37,82.7658
2021-10-19 15:11:17,82.5478
2021-10-19 15:11:58,82.4204
2021-10-19 15:12:38,82.1518
2021-10-19 15:13:18,82.1518
2021-10-19 15:13:58,81.9494
2021-10-19 15:14:38,81.7529
2021-10-19 15:15:18,81.5892
2021-10-19 15:15:59,81.3654
2021-10-19 15:16:39,81.3654
2021-10-19 15:17:19,81.1646
2021-10-19 15:17:59,81.0769
2021-10-19 15:18:39,80.7982
2021-10-19 15:19:19,80.5986
2021-10-19 15:19:59,80.5986
2021-10-19 15:20:40,80.4032
2021-10-19 15:21:20,80.2023
2021-10-19 15:22:00,79.9723
2021-10-19 15:22:40,79.8878
2021-10-19 15:23:20,79.8878
2021-10-19 15:24:01,79.6637
2021-10-19 15:24:41,79.4176
2021-10-19 15:25:21,79.2522
2021-10-19 15:26:01,78.9889
2021-10-19 15:26:41,78.9889
2021-10-19 15:27:21,78.837
2021-10-19 15:28:01,78.5917
2021-10-19 15:28:42,78.4312
2021-10-19 15:29:22,78.2147
2021-10-19 15:30:02,78.2147
2021-10-19 15:30:42,78.0432
2021-10-19 15:31:22,77.806
2021-10-19 15:32:02,77.6974
2021-10-19 15:32:43,77.4796
2021-10-19 15:33:23,77.4796
2021-10-19 15:34:03,77.3235
2021-10-19 15:34:43,77.1643
2021-10-19 15:35:23,76.8382
2021-10-19 15:36:03,76.773
2021-10-19 15:36:43,76.773
2021-10-19 15:37:24,76.5322
2021-10-19 15:38:04,76.3244
2021-10-19 15:38:44,76.1502
2021-10-19 15:39:24,75.9863
2021-10-19 15:40:04,75.9863
2021-10-19 15:40:44,75.7964
2021-10-19 15:41:25,75.5098
2021-10-19 15:42:05,75.3224
2021-10-19 15:42:45,75.2118
2021-10-19 15:43:25,75.2118
2021-10-19 15:44:05,75.0323
2021-10-19 15:44:45,74.7365
2021-10-19 15:45:26,74.6036
2021-10-19 15:46:06,74.4484
2021-10-19 15:46:46,74.4484
2021-10-19 15:47:26,74.2179
2021-10-19 15:48:06,74.0563
2021-10-19 15:48:46,73.9049
2021-10-19 15:49:27,73.6987
2021-10-19 15:50:07,73.6987
2021-10-19 15:50:47,73.4488
2021-10-19 15:51:27,73.3364
2021-10-19 15:52:07,73.1669
2021-10-19 15:52:47,72.9664
2021-10-19 15:53:28,72.7799
2021-10-19 15:54:08,72.7799
2021-10-19 15:54:48,72.6223
2021-10-19 15:55:28,72.426
2021-10-19 15:56:08,72.2513
2021-10-19 15:56:48,72.0476
2021-10-19 15:57:29,72.0476
2021-10-19 15:58:09,71.8771
2021-10-19 15:58:49,71.6893
2021-10-19 15:59:29,71.5294
2021-10-19 16:00:09,71.371
2021-10-19 16:00:49,71.371
2021-10-19 16:01:30,71.1838
2021-10-19 16:02:10,71.0093
2021-10-19 16:02:50,70.816
2021-10-19 16:03:30,70.6095
2021-10-19 16:04:10,70.6095
2021-10-19 16:04:51,70.4546
2021-10-19 16:05:31,70.2732
2021-10-19 16:06:11,70.0982
2021-10-19 16:06:51,69.9422
2021-10-19 16:07:31,69.9422
2021-10-19 16:08:11,69.7349
2021-10-19 16:08:52,69.5835
2021-10-19 16:09:32,69.4355
2021-10-19 16:10:12,69.2024
2021-10-19 16:10:52,69.2024
2021-10-19 16:11:32,68.9925
2021-10-19 16:12:12,68.8578
2021-10-19 16:12:53,68.7104
2021-10-19 16:13:33,68.5354
2021-10-19 16:14:13,68.5354
2021-10-19 16:14:53,68.3867
2021-10-19 16:15:33,68.291
2021-10-19 16:16:13,68.0246
2021-10-19 16:16:54,67.8591
2021-10-19 16:17:34,67.8591
2021-10-19 16:18:14,67.6966
2021-10-19 16:18:54,67.5607
2021-10-19 16:19:34,67.3428
2021-10-19 16:20:14,67.2057
2021-10-19 16:20:55,67.2057
2021-10-19 16:21:35,66.9935
2021-10-19 16:22:15,66.9025
2021-10-19 16:22:55,66.7072
2021-10-19 16:23:35,66.524
2021-10-19 16:24:15,66.524
2021-10-19 16:24:56,66.3833
2021-10-19 16:25:36,66.2069
2021-10-19 16:26:16,66.0315
2021-10-19 16:26:56,65.853
2021-10-19 16:27:36,65.853
2021-10-19 16:28:16,65.7652
2021-10-19 16:28:56,65.5922
2021-10-19 16:29:37,65.4116
2021-10-19 16:30:17,65.2343
2021-10-19 16:30:57,65.2343
2021-10-19 16:31:37,65.0982
2021-10-19 16:32:17,64.9153
2021-10-19 16:32:58,64.7608
2021-10-19 16:33:38,64.6169
2021-10-19 16:34:18,64.4991
2021-10-19 16:34:58,64.4991
2021-10-19 16:35:38,64.2608
2021-10-19 16:36:18,64.124
2021-10-19 16:36:59,63.9898
2021-10-19 16:37:39,63.7949
2021-10-19 16:38:19,63.7949
2021-10-19 16:38:59,63.6476
2021-10-19 16:39:39,63.5615
2021-10-19 16:40:19,63.3836
2021-10-19 16:41:00,63.2609
2021-10-19 16:41:40,63.2609
2021-10-19 16:42:20,63.0933
2021-10-19 16:43:00,62.8991
2021-10-19 16:43:40,62.7323
2021-10-19 16:44:20,62.609
2021-10-19 16:45:00,62.609
2021-10-19 16:45:40,62.4165
2021-10-19 16:46:21,62.2935
2021-10-19 16:47:01,62.1682
2021-10-19 16:47:41,61.9942
2021-10-19 16:48:21,61.9942
2021-10-19 16:49:01,61.855
2021-10-19 16:49:42,61.6974
2021-10-19 16:50:22,61.5678
2021-10-19 16:51:02,61.4356
2021-10-19 16:51:42,61.4356
2021-10-19 16:52:22,61.2404
2021-10-19 16:53:02,61.1128
2021-10-19 16:53:42,60.9712
2021-10-19 16:54:23,60.8104
2021-10-19 16:55:03,60.8104
2021-10-19 16:55:43,60.6952
2021-10-19 16:56:23,60.5773
2021-10-19 16:57:03,60.403
2021-10-19 16:57:43,60.2498
2021-10-19 16:58:24,60.2498
2021-10-19 16:59:04,60.1642
2021-10-19 16:59:44,59.9655
2021-10-19 17:00:24,59.8448
2021-10-19 17:01:04,59.7027
2021-10-19 17:01:44,59.7027
2021-10-19 17:02:25,59.511
2021-10-19 17:03:05,59.4139
2021-10-19 17:03:45,59.2372
2021-10-19 17:04:25,59.1304
2021-10-19 17:05:05,59.1304
2021-10-19 17:05:46,59.0062
2021-10-19 17:06:26,58.8542
2021-10-19 17:07:06,58.7258
2021-10-19 17:07:46,58.5509
2021-10-19 17:08:26,58.5509
2021-10-19 17:09:07,58.4368
2021-10-19 17:09:47,58.3001
2021-10-19 17:10:27,58.1551
2021-10-19 17:11:07,57.9984
2021-10-19 17:11:47,57.9984
2021-10-19 17:12:27,57.873
2021-10-19 17:13:08,57.7288
2021-10-19 17:13:48,57.6149
2021-10-19 17:14:28,57.4724
2021-10-19 17:15:08,57.4724
2021-10-19 17:15:48,57.3417
2021-10-19 17:16:28,57.1903
2021-10-19 17:17:09,57.0829
2021-10-19 17:17:49,56.9616
2021-10-19 17:18:29,56.7761
2021-10-19 17:19:09,56.7761
2021-10-19 17:19:49,56.6507
2021-10-19 17:20:30,56.5611
2021-10-19 17:21:10,56.3782
2021-10-19 17:21:50,56.2929
2021-10-19 17:22:30,56.2929
2021-10-19 17:23:10,56.1621
2021-10-19 17:23:51,56.0127
2021-10-19 17:24:31,55.8718
2021-10-19 17:25:11,55.793
2021-10-19 17:25:51,55.793
2021-10-19 17:26:31,55.6259
2021-10-19 17:27:12,55.4955
2021-10-19 17:27:52,55.3266
2021-10-19 17:28:32,55.2487
2021-10-19 17:29:12,55.2487
2021-10-19 17:29:52,55.1348
2021-10-19 17:30:32,54.9763
2021-10-19 17:31:13,54.8008
2021-10-19 17:31:53,54.721
2021-10-19 17:32:33,54.721
2021-10-19 17:33:13,54.6082
2021-10-19 17:33:53,54.461
2021-10-19 17:34:34,54.3473
2021-10-19 17:35:14,54.2227
2021-10-19 17:35:54,54.2227
2021-10-19 17:36:34,54.0651
2021-10-19 17:37:14,53.9573
2021-10-19 17:37:54,53.8549
2021-10-19 17:38:35,53.72
2021-10-19 17:39:15,53.72
2021-10-19 17:39:55,53.5887
2021-10-19 17:40:35,53.4832
2021-10-19 17:41:15,53.3561
2021-10-19 17:41:55,53.2211
2021-10-19 17:42:36,53.2211
2021-10-19 17:43:16,53.1038
2021-10-19 17:43:56,52.9798
2021-10-19 17:44:36,52.8333
2021-10-19 17:45:16,52.7293
2021-10-19 17:45:57,52.7293
2021-10-19 17:46:37,52.6172
2021-10-19 17:47:17,52.4827
2021-10-19 17:47:57,52.3327
2021-10-19 17:48:37,52.2802
2021-10-19 17:49:18,52.2802
2021-10-19 17:49:58,52.1259
2021-10-19 17:50:38,52.0242
2021-10-19 17:51:18,51.8827
2021-10-19 17:51:58,51.7521
2021-10-19 17:52:38,51.7521
2021-10-19 17:53:18,51.6485
2021-10-19 17:53:59,51.4895
2021-10-19 17:54:39,51.4089
2021-10-19 17:55:19,51.2699
2021-10-19 17:55:59,51.1617
2021-10-19 17:56:39,51.1617
2021-10-19 17:57:20,51.0337
2021-10-19 17:58:00,50.9205
2021-10-19 17:58:40,50.764
2021-10-19 17:59:20,50.6712
2021-10-19 18:00:00,50.6712
2021-10-19 18:00:40,50.5199
2021-10-19 18:01:21,50.4288
2021-10-19 18:02:01,50.3345
2021-10-19 18:02:41,50.2016
2021-10-19 18:03:21,50.2016
2021-10-19 18:04:01,50.0806
2021-10-19 18:04:41,49.9616
2021-10-19 18:05:21,49.8318
2021-10-19 18:06:02,49.7338
2021-10-19 18:06:42,49.7338
2021-10-19 18:07:22,49.6121
2021-10-19 18:08:02,49.5148
2021-10-19 18:08:42,49.3763
2021-10-19 18:09:23,49.2689
2021-10-19 18:10:03,49.2689
2021-10-19 18:10:43,49.161
2021-10-19 18:11:23,49.0057
2021-10-19 18:12:03,48.871
2021-10-19 18:12:43,48.7608
2021-10-19 18:13:24,48.7608
2021-10-19 18:14:04,48.6682
2021-10-19 18:14:44,48.5573
2021-10-19 18:15:24,48.4204
2021-10-19 18:16:04,48.2922
2021-10-19 18:16:45,48.2922
2021-10-19 18:17:25,48.2312
2021-10-19 18:18:05,48.0716
2021-10-19 18:18:45,47.9447
2021-10-19 18:19:25,47.8342
2021-10-19 18:20:05,47.8342
2021-10-19 18:20:46,47.6965
2021-10-19 18:21:26,47.6112
2021-10-19 18:22:06,47.5142
2021-10-19 18:22:46,47.3985
2021-10-19 18:23:26,47.3985
2021-10-19 18:24:06,47.2648
2021-10-19 18:24:47,47.1352
2021-10-19 18:25:27,47.0295
2021-10-19 18:26:07,46.938
2021-10-19 18:26:47,46.938
2021-10-19 18:27:27,46.7913
2021-10-19 18:28:07,46.6641
2021-10-19 18:28:48,46.555
2021-10-19 18:29:28,46.4562
2021-10-19 18:30:08,46.4562
2021-10-19 18:30:48,46.3395
2021-10-19 18:31:28,46.2253
2021-10-19 18:32:09,46.096
2021-10-19 18:32:49,46.0034
2021-10-19 18:33:29,46.0034
2021-10-19 18:34:09,45.8486
2021-10-19 18:34:49,45.7745
2021-10-19 18:35:29,45.648
2021-10-19 18:36:10,45.5151
2021-10-19 18:36:50,45.3986
2021-10-19 18:37:30,45.3986
2021-10-19 18:38:10,45.2944
2021-10-19 18:38:50,45.1694
2021-10-19 18:39:30,45.0589
2021-10-19 18:40:11,44.949
2021-10-19 18:40:51,44.949
2021-10-19 18:41:31,44.8803
2021-10-19 18:42:11,44.7438
2021-10-19 18:42:51,44.6241
2021-10-19 18:43:31,44.4934
2021-10-19 18:44:12,44.4934
2021-10-19 18:44:52,44.3985
2021-10-19 18:45:32,44.2672
2021-10-19 18:46:12,44.146
2021-10-19 18:46:52,44.0533
2021-10-19 18:47:32,44.0533
2021-10-19 18:48:13,43.9244
2021-10-19 18:48:53,43.8051
2021-10-19 18:49:33,43.6999
2021-10-19 18:50:13,43.5752
2021-10-19 18:50:53,43.5752
2021-10-19 18:51:33,43.4641
2021-10-19 18:52:14,43.3406
2021-10-19 18:52:54,43.2274
2021-10-19 18:53:34,43.131
2021-10-19 18:54:14,43.131
2021-10-19 18:54:54,43.0215
2021-10-19 18:55:34,42.8802
2021-10-19 18:56:14,42.7519
2021-10-19 18:56:55,42.6643
2021-10-19 18:57:35,42.6643
2021-10-19 18:58:15,42.5564
2021-10-19 18:58:55,42.4392
2021-10-19 18:59:35,42.308
2021-10-19 19:00:15,42.183
2021-10-19 19:00:56,42.183
2021-10-19 19:01:36,42.1019
2021-10-19 19:02:16,41.9411
2021-10-19 19:02:56,41.8463
2021-10-19 19:03:36,41.7278
2021-10-19 19:04:16,41.7278
2021-10-19 19:04:57,41.6154
2021-10-19 19:05:37,41.509
2021-10-19 19:06:17,41.3511
2021-10-19 19:06:57,41.3188
2021-10-19 19:07:37,41.3188
2021-10-19 19:08:17,41.1248
2021-10-19 19:08:58,41.0369
2021-10-19 19:09:38,40.9236
2021-10-19 19:10:18,40.7955
2021-10-19 19:10:58,40.7955
2021-10-19 19:11:38,40.713
2021-10-19 19:12:18,40.5847
2021-10-19 19:12:59,40.4563
2021-10-19 19:13:39,40.338
2021-10-19 19:14:19,40.338
2021-10-19 19:14:59,40.2349
2021-10-19 19:15:39,40.0986
2021-10-19 19:16:19,39.9577
2021-10-19 19:17:00,39.8753
2021-10-19 19:17:40,39.8753
2021-10-19 19:18:20,39.7381
2021-10-19 19:19:00,39.634
2021-10-19 19:19:40,39.522
2021-10-19 19:20:20,39.3926
2021-10-19 19:21:01,39.2877
2021-10-19 19:21:41,39.2877
2021-10-19 19:22:21,39.1419
2021-10-19 19:23:01,39.0566
2021-10-19 19:23:41,38.9189
2021-10-19 19:24:21,38.7883
2021-10-19 19:25:01,38.7883
2021-10-19 19:25:41,38.6519
2021-10-19 19:26:22,38.5463
2021-10-19 19:27:02,38.435
2021-10-19 19:27:42,38.3226
2021-10-19 19:28:22,38.3226
2021-10-19 19:29:02,38.2016
2021-10-19 19:29:42,38.0697
2021-10-19 19:30:23,37.9414
2021-10-19 19:31:03,37.8462
2021-10-19 19:31:43,37.8462
2021-10-19 19:32:23,37.6937
2021-10-19 19:33:03,37.5903
2021-10-19 19:33:44,37.4526
2021-10-19 19:34:24,37.3461
2021-10-19 19:35:04,37.3461
2021-10-19 19:35:44,37.2002
2021-10-19 19:36:24,37.0726
2021-10-19 19:37:04,36.9881
2021-10-19 19:37:44,36.8336
2021-10-19 19:38:24,36.8336
2021-10-19 19:39:05,36.7312
2021-10-19 19:39:45,36.6017
2021-10-19 19:40:25,36.4502
2021-10-19 19:41:05,36.3492
2021-10-19 19:41:45,36.3492
2021-10-19 19:42:25,36.2302
2021-10-19 19:43:05,36.0815
2021-10-19 19:43:46,35.9512
2021-10-19 19:44:26,35.8373
2021-10-19 19:45:06,35.8373
2021-10-19 19:45:46,35.7099
2021-10-19 19:46:26,35.5968
2021-10-19 19:47:07,35.4801
2021-10-19 19:47:47,35.3602
2021-10-19 19:48:27,35.3602
2021-10-19 19:49:07,35.2133
2021-10-19 19:49:47,35.0606
2021-10-19 19:50:27,34.9448
2021-10-19 19:51:08,34.8283
2021-10-19 19:51:48,34.8283
2021-10-19 19:52:28,34.7048
2021-10-19 19:53:08,34.5759
2021-10-19 19:53:48,34.4329
2021-10-19 19:54:28,34.3132
2021-10-19 19:55:08,34.3132
2021-10-19 19:55:49,34.1968
2021-10-19 19:56:29,34.0627
2021-10-19 19:57:09,33.9137
2021-10-19 19:57:49,33.7899
2021-10-19 19:58:29,33.7899
2021-10-19 19:59:09,33.6701
2021-10-19 19:59:50,33.5292
2021-10-19 20:00:30,33.3802
2021-10-19 20:01:10,33.2581
2021-10-19 20:01:50,33.2581
2021-10-19 20:02:30,33.1249
2021-10-19 20:03:10,32.9885
2021-10-19 20:03:50,32.8462
2021-10-19 20:04:31,32.7364
2021-10-19 20:05:11,32.5776
2021-10-19 20:05:51,32.5776
2021-10-19 20:06:31,32.446
2021-10-19 20:07:11,32.32
2021-10-19 20:07:52,32.1766
2021-10-19 20:08:32,32.0232
2021-10-19 20:09:12,32.0232
2021-10-19 20:09:52,31.9103
2021-10-19 20:10:32,31.7499
2021-10-19 20:11:12,31.6177
2021-10-19 20:11:53,31.4607
2021-10-19 20:12:33,31.4607
2021-10-19 20:13:13,31.3331
2021-10-19 20:13:53,31.1927
2021-10-19 20:14:33,31.0862
2021-10-19 20:15:13,30.9212
2021-10-19 20:15:53,30.9212
2021-10-19 20:16:34,30.7816
2021-10-19 20:17:14,30.6293
2021-10-19 20:17:54,30.4882
2021-10-19 20:18:34,30.3497
2021-10-19 20:19:14,30.3497
2021-10-19 20:19:55,30.1906
2021-10-19 20:20:35,30.0628
2021-10-19 20:21:15,29.9311
2021-10-19 20:21:55,29.7764
2021-10-19 20:22:35,29.7764
2021-10-19 20:23:15,29.6026
2021-10-19 20:23:56,29.4825
2021-10-19 20:24:36,29.337
2021-10-19 20:25:16,29.1803
2021-10-19 20:25:56,29.1803
2021-10-19 20:26:36,29.0362
2021-10-19 20:27:17,28.8698
2021-10-19 20:27:57,28.718
2021-10-19 20:28:37,28.5684
2021-10-19 20:29:17,28.5684
2021-10-19 20:29:57,28.44
2021-10-19 20:30:37,28.2787
2021-10-19 20:31:18,28.1246
2021-10-19 20:31:58,27.9664
2021-10-19 20:32:38,27.9664
2021-10-19 20:33:18,27.8228
2021-10-19 20:33:58,27.65
2021-10-19 20:34:39,27.5059
2021-10-19 20:35:19,27.341
2021-10-19 20:35:59,27.341
2021-10-19 20:36:39,27.1693
2021-10-19 20:37:19,27.0242
2021-10-19 20:37:59,26.867
2021-10-19 20:38:40,26.7178
2021-10-19 20:39:20,26.7178
2021-10-19 20:40:00,26.5422
2021-10-19 20:40:40,26.3866
2021-10-19 20:41:20,26.232
2021-10-19 20:42:00,26.0494
2021-10-19 20:42:41,26.0494
2021-10-19 20:43:21,25.9069
2021-10-19 20:44:01,25.7266
2021-10-19 20:44:41,25.5696
2021-10-19 20:45:21,25.3957
2021-10-19 20:46:02,25.2238
2021-10-19 20:46:42,25.2238
2021-10-19 20:47:22,25.0698
2021-10-19 20:48:02,24.8999
2021-10-19 20:48:42,24.7129
2021-10-19 20:49:22,24.5436
2021-10-19 20:50:03,24.5436
2021-10-19 20:50:43,24.3722
2021-10-19 20:51:23,24.2015
2021-10-19 20:52:03,24.0275
2021-10-19 20:52:43,23.8452
2021-10-19 20:53:24,23.8452
2021-10-19 20:54:04,23.681
2021-10-19 20:54:44,23.5109
2021-10-19 20:55:24,23.3018
2021-10-19 20:56:04,23.1206
2021-10-19 20:56:45,23.1206
2021-10-19 20:57:25,22.9513
2021-10-19 20:58:05,22.7621
2021-10-19 20:58:45,22.5842
2021-10-19 20:59:25,22.3932
2021-10-19 21:00:05,22.3932
2021-10-19 21:00:45,22.2027
2021-10-19 21:01:26,21.9983
2021-10-19 21:02:06,21.8162
2021-10-19 21:02:46,21.6197
2021-10-19 21:03:26,21.6197
2021-10-19 21:04:06,21.4209
2021-10-19 21:04:46,21.2155
2021-10-19 21:05:27,21.0133
2021-10-19 21:06:07,20.8137
2021-10-19 21:06:47,20.8137
2021-10-19 21:07:27,20.6152
2021-10-19 21:08:07,20.3931
2021-10-19 21:08:47,20.1857
2021-10-19 21:09:28,19.9762
2021-10-19 21:10:08,19.9762
2021-10-19 21:10:48,19.7715
2021-10-19 21:11:28,19.5686
2021-10-19 21:12:08,19.3557
2021-10-19 21:12:48,19.1572
2021-10-19 21:13:29,19.1572
2021-10-19 21:14:09,18.9626
2021-10-19 21:14:49,18.7675
2021-10-19 21:15:29,18.5695
2021-10-19 21:16:09,18.3697
2021-10-19 21:16:49,18.3697
2021-10-19 21:17:30,18.1788
2021-10-19 21:18:10,17.9857
2021-10-19 21:18:50,17.7938
2021-10-19 21:19:30,17.599
2021-10-19 21:20:10,17.599
2021-10-19 21:20:50,17.3982
2021-10-19 21:21:31,17.1952
2021-10-19 21:22:11,17.0038
2021-10-19 21:22:51,16.8045
2021-10-19 21:23:31,16.8045
2021-10-19 21:24:11,16.6022
2021-10-19 21:24:51,16.4058
2021-10-19 21:25:31,16.2093
2021-10-19 21:26:12,16.0195
2021-10-19 21:26:52,16.0195
2021-10-19 21:27:32,15.809
2021-10-19 21:28:12,15.6101
2021-10-19 21:28:52,15.4137
2021-10-19 21:29:33,15.212
2021-10-19 21:30:13,15.212
2021-10-19 21:30:53,15.0155
2021-10-19 21:31:33,14.8235
2021-10-19 21:32:13,14.6291
2021-10-19 21:32:53,14.4361
2021-10-19 21:33:33,14.4361
2021-10-19 21:34:14,14.2559
2021-10-19 21:34:54,14.0759
2021-10-19 21:35:34,13.9025
2021-10-19 21:36:14,13.7335
2021-10-19 21:36:54,13.7335
2021-10-19 21:37:34,13.5705
2021-10-19 21:38:15,13.4177
2021-10-19 21:38:55,13.2742
2021-10-19 21:39:35,13.1351
2021-10-19 21:40:15,13.0009
2021-10-19 21:40:55,13.0009
2021-10-19 21:41:35,12.8648
2021-10-19 21:42:16,12.7388
2021-10-19 21:42:56,12.6246
2021-10-19 21:43:36,12.5061
2021-10-19 21:44:16,12.5061
2021-10-19 21:44:56,12.3865
2021-10-19 21:45:36,12.2727
2021-10-19 21:46:17,12.1736
2021-10-19 21:46:57,12.0705
2021-10-19 21:47:37,12.0705
2021-10-19 21:48:17,11.9722
2021-10-19 21:48:57,11.8731
2021-10-19 21:49:37,11.7822
2021-10-19 21:50:18,11.6943
2021-10-19 21:50:58,11.6943
2021-10-19 21:51:38,11.6102
2021-10-19 21:52:18,11.5292
2021-10-19 21:52:58,11.4461
2021-10-19 21:53:38,11.3709
2021-10-19 21:54:18,11.3709
2021-10-19 21:54:59,11.2967
2021-10-19 21:55:39,11.2198
2021-10-19 21:56:19,11.1458
2021-10-19 21:56:59,11.0769
2021-10-19 21:57:39,11.0769
2021-10-19 21:58:20,11.0025
2021-10-19 21:59:00,10.9394
2021-10-19 21:59:40,10.8626
2021-10-19 22:00:20,10.7956
2021-10-19 22:01:00,10.7956
2021-10-19 22:01:40,10.7292
2021-10-19 22:02:20,10.6656
2021-10-19 22:03:01,10.6021
2021-10-19 22:03:41,10.5362
2021-10-19 22:04:21,10.5362
2021-10-19 22:05:01,10.4724
2021-10-19 22:05:41,10.4075
2021-10-19 22:06:22,10.3434
2021-10-19 22:07:02,10.2818
2021-10-19 22:07:42,10.2818
2021-10-19 22:08:22,10.2177
2021-10-19 22:09:02,10.1523
2021-10-19 22:09:43,10.0935
2021-10-19 22:10:23,10.0292
2021-10-19 22:11:03,10.0292
2021-10-19 22:11:43,9.96746
2021-10-19 22:12:23,9.90347
2021-10-19 22:13:03,9.84136
2021-10-19 22:13:44,9.782160000000001
2021-10-19 22:14:24,9.782160000000001
2021-10-19 22:15:04,9.71926
2021-10-19 22:15:44,9.66152
2021-10-19 22:16:24,9.60075
2021-10-19 22:17:04,9.53774
2021-10-19 22:17:45,9.53774
2021-10-19 22:18:25,9.47761
2021-10-19 22:19:05,9.41511
2021-10-19 22:19:45,9.357619999999999
2021-10-19 22:20:25,9.29654
2021-10-19 22:21:06,9.24041
2021-10-19 22:21:46,9.24041
2021-10-19 22:22:26,9.17854
2021-10-19 22:23:06,9.1221
2021-10-19 22:23:46,9.05824
2021-10-19 22:24:27,8.99638
2021-10-19 22:25:07,8.99638
2021-10-19 22:25:47,8.932
2021-10-19 22:26:27,8.87471
2021-10-19 22:27:07,8.81621
2021-10-19 22:27:47,8.81621
2021-10-19 22:28:28,8.75769
2021-10-19 22:29:08,8.69314
2021-10-19 22:29:48,8.634780000000001
2021-10-19 22:30:28,8.572230000000001
2021-10-19 22:31:08,8.572230000000001
2021-10-19 22:31:48,8.512739999999999
2021-10-19 22:32:28,8.45429
2021-10-19 22:33:09,8.39263
2021-10-19 22:33:49,8.333160000000001
2021-10-19 22:34:29,8.27105
2021-10-19 22:35:09,8.27105
2021-10-19 22:35:49,8.21033
2021-10-19 22:36:29,8.15115
2021-10-19 22:37:10,8.09055
2021-10-19 22:37:50,8.03185
2021-10-19 22:38:30,8.03185
2021-10-19 22:39:10,7.970610000000001
2021-10-19 22:39:50,7.9093
2021-10-19 22:40:30,7.85093
2021-10-19 22:41:11,7.789060000000001
2021-10-19 22:41:51,7.789060000000001
2021-10-19 22:42:31,7.72885
2021-10-19 22:43:11,7.6677
2021-10-19 22:43:52,7.61235
2021-10-19 22:44:32,7.5540899999999995
2021-10-19 22:45:12,7.5540899999999995
2021-10-19 22:45:52,7.48955
2021-10-19 22:46:32,7.4267
2021-10-19 22:47:12,7.3731
2021-10-19 22:47:52,7.3731
2021-10-19 22:48:32,7.31955
2021-10-19 22:49:12,7.26311
2021-10-19 22:49:53,7.205589999999999
2021-10-19 22:50:33,7.1491
2021-10-19 22:51:13,7.09765
2021-10-19 22:51:53,7.09765
2021-10-19 22:52:33,7.0439300000000005
2021-10-19 22:53:14,6.98945
2021-10-19 22:53:54,6.93313
2021-10-19 22:54:34,6.89065
2021-10-19 22:55:14,6.89065
2021-10-19 22:55:54,6.84025
2021-10-19 22:56:35,6.79202
2021-10-19 22:57:15,6.749410000000001
2021-10-19 22:57:55,6.702560000000001
2021-10-19 22:58:35,6.702560000000001
2021-10-19 22:59:15,6.662939999999999
2021-10-19 22:59:56,6.619560000000001
2021-10-19 23:00:36,6.57415
2021-10-19 23:01:16,6.55585
2021-10-19 23:01:56,6.55585
2021-10-19 23:02:36,6.52545
2021-10-19 23:03:16,6.49378
2021-10-19 23:03:56,6.46815
2021-10-19 23:04:37,6.43728
2021-10-19 23:05:17,6.43728
2021-10-19 23:05:57,6.40888
2021-10-19 23:06:37,6.38373
2021-10-19 23:07:17,6.35942
2021-10-19 23:07:57,6.34183
2021-10-19 23:08:38,6.34183
2021-10-19 23:09:18,6.312180000000001
2021-10-19 23:09:58,6.29476
2021-10-19 23:10:38,6.27619
2021-10-19 23:11:18,6.25553
2021-10-19 23:11:58,6.25553
2021-10-19 23:12:38,6.2298
2021-10-19 23:13:19,6.21366
2021-10-19 23:13:59,6.198519999999999
2021-10-19 23:14:39,6.18611
2021-10-19 23:15:19,6.18611
2021-10-19 23:15:59,6.16878
2021-10-19 23:16:39,6.15621
2021-10-19 23:17:19,6.14039
2021-10-19 23:18:00,6.12436
2021-10-19 23:18:40,6.12436
2021-10-19 23:19:20,6.11045
2021-10-19 23:20:00,6.10044
2021-10-19 23:20:40,6.08847
2021-10-19 23:21:21,6.07522
2021-10-19 23:22:01,6.07522
2021-10-19 23:22:41,6.0644599999999995
2021-10-19 23:23:21,6.05663
2021-10-19 23:24:01,6.05048
2021-10-19 23:24:41,6.0384400000000005
2021-10-19 23:25:21,6.0384400000000005
2021-10-19 23:26:01,6.03065
2021-10-19 23:26:42,6.02237
2021-10-19 23:27:22,6.00896
2021-10-19 23:28:02,6.0029699999999995
2021-10-19 23:28:42,6.0029699999999995
2021-10-19 23:29:22,5.99403
2021-10-19 23:30:03,5.9842699999999995
2021-10-19 23:30:43,5.97245
2021-10-19 23:31:23,5.96001
2021-10-19 23:32:03,5.96149
2021-10-19 23:32:43,5.96149
2021-10-19 23:33:24,5.94524
2021-10-19 23:34:04,5.93675
2021-10-19 23:34:44,5.932230000000001
2021-10-19 23:35:24,5.92284
2021-10-19 23:36:04,5.92284
2021-10-19 23:36:45,5.9096400000000004
2021-10-19 23:37:25,5.9086099999999995
2021-10-19 23:38:05,5.90046
2021-10-19 23:38:45,5.88943
2021-10-19 23:39:25,5.88943
2021-10-19 23:40:05,5.8832
2021-10-19 23:40:46,5.87752
2021-10-19 23:41:26,5.87033
2021-10-19 23:42:06,5.86185
2021-10-19 23:42:46,5.86185
2021-10-19 23:43:26,5.85586
2021-10-19 23:44:06,5.849469999999999
2021-10-19 23:44:47,5.84237
2021-10-19 23:45:27,5.83617
2021-10-19 23:46:07,5.83617
2021-10-19 23:46:47,5.8242199999999995
2021-10-19 23:47:27,5.82673
2021-10-19 23:48:07,5.8163
2021-10-19 23:48:47,5.807169999999999
2021-10-19 23:49:28,5.807169999999999
2021-10-19 23:50:08,5.7979199999999995
2021-10-19 23:50:48,5.79568
2021-10-19 23:51:28,5.78843
2021-10-19 23:52:08,5.78221
2021-10-19 23:52:48,5.78221
2021-10-19 23:53:29,5.77741
2021-10-19 23:54:09,5.77131
2021-10-19 23:54:49,5.76093
2021-10-19 23:55:29,5.7544900000000005
2021-10-19 23:56:09,5.7544900000000005
2021-10-19 23:56:49,5.7524
2021-10-19 23:57:29,5.74325
2021-10-19 23:58:10,5.7373400000000006
2021-10-19 23:58:50,5.73094
2021-10-19 23:59:30,5.73094
2021-10-20 00:00:10,5.72436
2021-10-20 00:00:50,5.72548
2021-10-20 00:01:30,5.70865
2021-10-20 00:02:11,5.70629
2021-10-20 00:02:51,5.70629
2021-10-20 00:03:31,5.69634
2021-10-20 00:04:11,5.68992
2021-10-20 00:04:51,5.6885
2021-10-20 00:05:32,5.68076
2021-10-20 00:06:12,5.68076
2021-10-20 00:06:52,5.67537
2021-10-20 00:07:32,5.67155
2021-10-20 00:08:12,5.65871
2021-10-20 00:08:52,5.65486
2021-10-20 00:09:33,5.65486
2021-10-20 00:10:13,5.65071
2021-10-20 00:10:53,5.6471599999999995
2021-10-20 00:11:33,5.62828
2021-10-20 00:12:14,5.62606
2021-10-20 00:12:54,5.62055
2021-10-20 00:13:34,5.62055
2021-10-20 00:14:14,5.61269
2021-10-20 00:14:54,5.60955
2021-10-20 00:15:34,5.60485
2021-10-20 00:16:15,5.59697
2021-10-20 00:16:55,5.59697
2021-10-20 00:17:35,5.59144
2021-10-20 00:18:15,5.5824
2021-10-20 00:18:55,5.58103
2021-10-20 00:19:36,5.57158
2021-10-20 00:20:16,5.57158
2021-10-20 00:20:56,5.5698300000000005
2021-10-20 00:21:36,5.5563400000000005
2021-10-20 00:22:16,5.5536
2021-10-20 00:22:56,5.5461
2021-10-20 00:23:36,5.5461
2021-10-20 00:24:16,5.5403199999999995
2021-10-20 00:24:57,5.53755
2021-10-20 00:25:37,5.53069
2021-10-20 00:26:17,5.52385
2021-10-20 00:26:57,5.52385
2021-10-20 00:27:37,5.51924
2021-10-20 00:28:17,5.51368
2021-10-20 00:28:58,5.51239
2021-10-20 00:29:38,5.504169999999999
2021-10-20 00:30:18,5.504169999999999
2021-10-20 00:30:58,5.49708
2021-10-20 00:31:38,5.497809999999999
2021-10-20 00:32:18,5.48475
2021-10-20 00:32:59,5.4814099999999994
2021-10-20 00:33:39,5.4814099999999994
2021-10-20 00:34:19,5.4737
2021-10-20 00:34:59,5.4664
2021-10-20 00:35:39,5.45969
2021-10-20 00:36:19,5.458559999999999
2021-10-20 00:36:59,5.458559999999999
2021-10-20 00:37:40,5.45466
2021-10-20 00:38:20,5.45069
2021-10-20 00:39:00,5.44011
2021-10-20 00:39:40,5.43896
2021-10-20 00:40:20,5.43896
2021-10-20 00:41:01,5.42971
2021-10-20 00:41:41,5.4252400000000005
2021-10-20 00:42:21,5.4187
2021-10-20 00:43:01,5.41235
2021-10-20 00:43:41,5.41235
2021-10-20 00:44:21,5.40444
2021-10-20 00:45:01,5.40319
2021-10-20 00:45:42,5.39786
2021-10-20 00:46:22,5.3895
2021-10-20 00:47:02,5.3895
2021-10-20 00:47:42,5.37946
2021-10-20 00:48:22,5.38103
2021-10-20 00:49:02,5.37439
2021-10-20 00:49:42,5.3705
2021-10-20 00:50:23,5.3705
2021-10-20 00:51:03,5.3639
2021-10-20 00:51:43,5.357480000000001
2021-10-20 00:52:23,5.35073
2021-10-20 00:53:03,5.34546
2021-10-20 00:53:44,5.34546
2021-10-20 00:54:24,5.34149
2021-10-20 00:55:04,5.3347
2021-10-20 00:55:44,5.32964
2021-10-20 00:56:24,5.32258
2021-10-20 00:57:05,5.31313
2021-10-20 00:57:45,5.31313
2021-10-20 00:58:25,5.3166199999999995
2021-10-20 00:59:05,5.30483
2021-10-20 00:59:45,5.29841
2021-10-20 01:00:25,5.29525
2021-10-20 01:01:05,5.29525
2021-10-20 01:01:45,5.289
2021-10-20 01:02:26,5.28795
2021-10-20 01:03:06,5.27956
2021-10-20 01:03:46,5.27184
2021-10-20 01:04:26,5.27184
2021-10-20 01:05:06,5.26398
2021-10-20 01:05:46,5.2651
2021-10-20 01:06:26,5.25673
2021-10-20 01:07:07,5.25075
2021-10-20 01:07:47,5.25075
2021-10-20 01:08:27,5.245430000000001
2021-10-20 01:09:07,5.23916
2021-10-20 01:09:47,5.2385
2021-10-20 01:10:27,5.22802
2021-10-20 01:11:07,5.22802
2021-10-20 01:11:48,5.22351
2021-10-20 01:12:28,5.22392
2021-10-20 01:13:08,5.21355
2021-10-20 01:13:48,5.20972
2021-10-20 01:14:28,5.20972
2021-10-20 01:15:08,5.20175
2021-10-20 01:15:49,5.19426
2021-10-20 01:16:29,5.1919699999999995
2021-10-20 01:17:09,5.18719
2021-10-20 01:17:49,5.18719
2021-10-20 01:18:29,5.18184
2021-10-20 01:19:09,5.18266
2021-10-20 01:19:50,5.17047
2021-10-20 01:20:30,5.17022
2021-10-20 01:21:10,5.17022
2021-10-20 01:21:50,5.16395
2021-10-20 01:22:30,5.16041
2021-10-20 01:23:10,5.155480000000001
2021-10-20 01:23:51,5.1523900000000005
2021-10-20 01:24:31,5.1523900000000005
2021-10-20 01:25:11,5.14539
2021-10-20 01:25:51,5.13875
2021-10-20 01:26:31,5.13405
2021-10-20 01:27:11,5.12819
2021-10-20 01:27:51,5.12819
2021-10-20 01:28:32,5.124280000000001
2021-10-20 01:29:12,5.119759999999999
2021-10-20 01:29:52,5.1113
2021-10-20 01:30:32,5.1094599999999994
2021-10-20 01:31:12,5.1094599999999994
2021-10-20 01:31:52,5.10239
2021-10-20 01:32:32,5.09678
2021-10-20 01:33:13,5.09364
2021-10-20 01:33:53,5.08685
2021-10-20 01:34:33,5.08685
2021-10-20 01:35:13,5.0835
2021-10-20 01:35:53,5.07535
2021-10-20 01:36:34,5.0705599999999995
2021-10-20 01:37:14,5.07116
2021-10-20 01:37:54,5.07116
2021-10-20 01:38:34,5.06268
2021-10-20 01:39:14,5.0605
2021-10-20 01:39:54,5.051830000000001
2021-10-20 01:40:35,5.04812
2021-10-20 01:41:15,5.04378
2021-10-20 01:41:55,5.04378
2021-10-20 01:42:35,5.03956
2021-10-20 01:43:15,5.03327
2021-10-20 01:43:56,5.02672
2021-10-20 01:44:36,5.02339
2021-10-20 01:45:16,5.02339
2021-10-20 01:45:56,5.01931
2021-10-20 01:46:36,5.0127
2021-10-20 01:47:16,5.00901
2021-10-20 01:47:56,5.00575
2021-10-20 01:48:37,5.00575
2021-10-20 01:49:17,5.00577
2021-10-20 01:49:57,4.99644
2021-10-20 01:50:37,4.99092
2021-10-20 01:51:17,4.98727
2021-10-20 01:51:57,4.98727
2021-10-20 01:52:38,4.97832
2021-10-20 01:53:18,4.97654
2021-10-20 01:53:58,4.97098
2021-10-20 01:54:38,4.96696
2021-10-20 01:55:18,4.96696
2021-10-20 01:55:58,4.962330000000001
2021-10-20 01:56:38,4.95226
2021-10-20 01:57:19,4.95556
2021-10-20 01:57:59,4.94565
2021-10-20 01:58:39,4.94565
2021-10-20 01:59:19,4.93933
2021-10-20 01:59:59,4.93467
2021-10-20 02:00:39,4.93036
2021-10-20 02:01:19,4.92724
2021-10-20 02:02:00,4.92724
2021-10-20 02:02:40,4.9215
2021-10-20 02:03:20,4.91595
2021-10-20 02:04:00,4.91324
2021-10-20 02:04:40,4.90341
2021-10-20 02:05:20,4.90341
2021-10-20 02:06:01,4.90388
2021-10-20 02:06:41,4.89887
2021-10-20 02:07:21,4.89516
2021-10-20 02:08:01,4.88679
2021-10-20 02:08:41,4.88679
2021-10-20 02:09:21,4.88315
2021-10-20 02:10:02,4.87645
2021-10-20 02:10:42,4.8768
2021-10-20 02:11:22,4.869330000000001
2021-10-20 02:12:02,4.869330000000001
2021-10-20 02:12:42,4.86229
2021-10-20 02:13:22,4.85977
2021-10-20 02:14:02,4.85681
2021-10-20 02:14:43,4.85004
2021-10-20 02:15:23,4.85004
2021-10-20 02:16:03,4.84612
2021-10-20 02:16:43,4.8439
2021-10-20 02:17:23,4.84114
2021-10-20 02:18:03,4.82877
2021-10-20 02:18:43,4.82877
2021-10-20 02:19:24,4.8294
2021-10-20 02:20:04,4.82121
2021-10-20 02:20:44,4.81815
2021-10-20 02:21:24,4.81465
2021-10-20 02:22:04,4.81465
2021-10-20 02:22:44,4.80963
2021-10-20 02:23:24,4.80757
2021-10-20 02:24:05,4.7973099999999995
2021-10-20 02:24:45,4.79807
2021-10-20 02:25:25,4.79807
2021-10-20 02:26:05,4.79289
2021-10-20 02:26:45,4.78843
2021-10-20 02:27:25,4.78298
2021-10-20 02:28:06,4.78143
2021-10-20 02:28:46,4.77177
2021-10-20 02:29:26,4.77177
2021-10-20 02:30:06,4.77015
2021-10-20 02:30:46,4.76465
2021-10-20 02:31:27,4.76239
2021-10-20 02:32:07,4.75461
2021-10-20 02:32:47,4.75461
2021-10-20 02:33:27,4.75367
2021-10-20 02:34:07,4.74635
2021-10-20 02:34:48,4.74223
2021-10-20 02:35:28,4.73566
2021-10-20 02:36:08,4.73566
2021-10-20 02:36:48,4.73497
2021-10-20 02:37:28,4.7276
2021-10-20 02:38:08,4.72472
2021-10-20 02:38:49,4.71699
2021-10-20 02:39:29,4.71699
2021-10-20 02:40:09,4.71345
2021-10-20 02:40:49,4.71131
2021-10-20 02:41:29,4.70769
2021-10-20 02:42:09,4.702459999999999
2021-10-20 02:42:50,4.702459999999999
2021-10-20 02:43:30,4.6973199999999995
2021-10-20 02:44:10,4.693569999999999
2021-10-20 02:44:50,4.68931
2021-10-20 02:45:30,4.6853
2021-10-20 02:46:10,4.6853
2021-10-20 02:46:51,4.68023
2021-10-20 02:47:31,4.67675
2021-10-20 02:48:11,4.67289
2021-10-20 02:48:51,4.667009999999999
2021-10-20 02:49:31,4.667009999999999
2021-10-20 02:50:11,4.66838
2021-10-20 02:50:51,4.65768
2021-10-20 02:51:32,4.6542699999999995
2021-10-20 02:52:12,4.6474
2021-10-20 02:52:52,4.6474
2021-10-20 02:53:32,4.64427
2021-10-20 02:54:12,4.63775
2021-10-20 02:54:53,4.63706
2021-10-20 02:55:33,4.63259
2021-10-20 02:56:13,4.63259
2021-10-20 02:56:53,4.62269
2021-10-20 02:57:33,4.61745
2021-10-20 02:58:14,4.61574
2021-10-20 02:58:54,4.612769999999999
2021-10-20 02:59:34,4.612769999999999
2021-10-20 03:00:14,4.6067599999999995
2021-10-20 03:00:54,4.6073900000000005
2021-10-20 03:01:34,4.5990400000000005
2021-10-20 03:02:15,4.59684
2021-10-20 03:02:55,4.59684
2021-10-20 03:03:35,4.58921
2021-10-20 03:04:15,4.585780000000001
2021-10-20 03:04:55,4.584309999999999
2021-10-20 03:05:35,4.57661
2021-10-20 03:06:16,4.57419
2021-10-20 03:06:56,4.57419
2021-10-20 03:07:36,4.57105
2021-10-20 03:08:16,4.5678
2021-10-20 03:08:57,4.56519
2021-10-20 03:09:37,4.5602599999999995
2021-10-20 03:10:17,4.5602599999999995
2021-10-20 03:10:57,4.553319999999999
2021-10-20 03:11:37,4.54964
2021-10-20 03:12:17,4.54245
2021-10-20 03:12:58,4.54223
2021-10-20 03:13:38,4.54223
2021-10-20 03:14:18,4.53913
2021-10-20 03:14:58,4.53557
2021-10-20 03:15:38,4.528519999999999
2021-10-20 03:16:18,4.52531
2021-10-20 03:16:59,4.52531
2021-10-20 03:17:39,4.5193
2021-10-20 03:18:19,4.51635
2021-10-20 03:18:59,4.51216
2021-10-20 03:19:39,4.51119
2021-10-20 03:20:19,4.51119
2021-10-20 03:20:59,4.506530000000001
2021-10-20 03:21:40,4.49977
2021-10-20 03:22:20,4.49479
2021-10-20 03:23:00,4.493119999999999
2021-10-20 03:23:40,4.493119999999999
2021-10-20 03:24:20,4.48605
2021-10-20 03:25:01,4.484030000000001
2021-10-20 03:25:41,4.47964
2021-10-20 03:26:21,4.4774199999999995
2021-10-20 03:27:01,4.4774199999999995
2021-10-20 03:27:41,4.46941
2021-10-20 03:28:21,4.46732
2021-10-20 03:29:02,4.46034
2021-10-20 03:29:42,4.45734
2021-10-20 03:30:22,4.45734
2021-10-20 03:31:02,4.45526
2021-10-20 03:31:43,4.4520800000000005
2021-10-20 03:32:23,4.44804
2021-10-20 03:33:03,4.4436
2021-10-20 03:33:43,4.4436
2021-10-20 03:34:23,4.43968
2021-10-20 03:35:03,4.43489
2021-10-20 03:35:44,4.432180000000001
2021-10-20 03:36:24,4.425680000000001
2021-10-20 03:37:04,4.425680000000001
2021-10-20 03:37:44,4.42402
2021-10-20 03:38:24,4.4179
2021-10-20 03:39:05,4.41335
2021-10-20 03:39:45,4.41276
2021-10-20 03:40:25,4.41276
2021-10-20 03:41:05,4.40872
2021-10-20 03:41:45,4.40043
2021-10-20 03:42:25,4.39841
2021-10-20 03:43:06,4.3977699999999995
2021-10-20 03:43:46,4.3977699999999995
2021-10-20 03:44:26,4.39007
2021-10-20 03:45:06,4.38582
2021-10-20 03:45:47,4.38267
2021-10-20 03:46:27,4.3769
2021-10-20 03:47:07,4.37213
2021-10-20 03:47:47,4.37213
2021-10-20 03:48:27,4.36923
2021-10-20 03:49:07,4.368530000000001
2021-10-20 03:49:48,4.36261
2021-10-20 03:50:28,4.35803
2021-10-20 03:51:08,4.35803
2021-10-20 03:51:48,4.3522099999999995
2021-10-20 03:52:28,4.34715
2021-10-20 03:53:08,4.34788
2021-10-20 03:53:49,4.342230000000001
2021-10-20 03:54:29,4.342230000000001
2021-10-20 03:55:09,4.339230000000001
2021-10-20 03:55:49,4.33496
2021-10-20 03:56:29,4.32921
2021-10-20 03:57:09,4.322430000000001
2021-10-20 03:57:50,4.322430000000001
2021-10-20 03:58:30,4.31951
2021-10-20 03:59:10,4.31663
2021-10-20 03:59:50,4.31228
2021-10-20 04:00:30,4.3063400000000005
2021-10-20 04:01:11,4.3063400000000005
2021-10-20 04:01:51,4.30579
2021-10-20 04:02:31,4.3009699999999995
2021-10-20 04:03:11,4.29744
2021-10-20 04:03:51,4.29514
2021-10-20 04:04:31,4.29514
2021-10-20 04:05:11,4.28565
2021-10-20 04:05:52,4.28578
2021-10-20 04:06:32,4.27894
2021-10-20 04:07:12,4.278
2021-10-20 04:07:52,4.278
2021-10-20 04:08:32,4.27464
2021-10-20 04:09:13,4.26762
2021-10-20 04:09:53,4.264
2021-10-20 04:10:33,4.265630000000001
2021-10-20 04:11:13,4.265630000000001
2021-10-20 04:11:53,4.26118
2021-10-20 04:12:34,4.25402
2021-10-20 04:13:14,4.25171
2021-10-20 04:13:54,4.248469999999999
2021-10-20 04:14:34,4.248469999999999
2021-10-20 04:15:14,4.2451
2021-10-20 04:15:54,4.24078
2021-10-20 04:16:35,4.23936
2021-10-20 04:17:15,4.23359
2021-10-20 04:17:55,4.23359
2021-10-20 04:18:35,4.22852
2021-10-20 04:19:15,4.22739
2021-10-20 04:19:56,4.221080000000001
2021-10-20 04:20:36,4.21692
2021-10-20 04:21:16,4.21692
2021-10-20 04:21:56,4.21305
2021-10-20 04:22:36,4.2115599999999995
2021-10-20 04:23:16,4.20782
2021-10-20 04:23:57,4.20385
2021-10-20 04:24:37,4.19767
2021-10-20 04:25:17,4.19767
2021-10-20 04:25:57,4.19601
2021-10-20 04:26:37,4.19115
2021-10-20 04:27:18,4.19077
2021-10-20 04:27:58,4.184419999999999
2021-10-20 04:28:38,4.184419999999999
2021-10-20 04:29:18,4.1833599999999995
2021-10-20 04:29:58,4.1796
2021-10-20 04:30:39,4.1744
2021-10-20 04:31:19,4.17151
2021-10-20 04:31:59,4.17151
2021-10-20 04:32:39,4.16779
2021-10-20 04:33:19,4.16579
2021-10-20 04:34:00,4.15966
2021-10-20 04:34:40,4.15436
2021-10-20 04:35:20,4.15436
2021-10-20 04:36:00,4.15686
2021-10-20 04:36:40,4.15198
2021-10-20 04:37:20,4.14925
2021-10-20 04:38:01,4.14309
2021-10-20 04:38:41,4.14309
2021-10-20 04:39:21,4.14294
2021-10-20 04:40:01,4.13459
2021-10-20 04:40:41,4.13314
2021-10-20 04:41:22,4.12881
2021-10-20 04:42:02,4.12881
2021-10-20 04:42:42,4.13115
2021-10-20 04:43:22,4.1226400000000005
2021-10-20 04:44:02,4.11799
2021-10-20 04:44:43,4.11439
2021-10-20 04:45:23,4.11439
2021-10-20 04:46:03,4.11183
2021-10-20 04:46:43,4.11075
2021-10-20 04:47:23,4.10491
2021-10-20 04:48:03,4.1010800000000005
2021-10-20 04:48:44,4.1010800000000005
2021-10-20 04:49:24,4.09773
2021-10-20 04:50:04,4.09293
2021-10-20 04:50:44,4.0906
2021-10-20 04:51:24,4.08692
2021-10-20 04:52:04,4.08692
2021-10-20 04:52:45,4.08327
2021-10-20 04:53:25,4.078530000000001
2021-10-20 04:54:05,4.078530000000001
2021-10-20 04:54:45,4.072769999999999
2021-10-20 04:55:25,4.072769999999999
2021-10-20 04:56:05,4.07324
2021-10-20 04:56:46,4.0698099999999995
2021-10-20 04:57:26,4.06412
2021-10-20 04:58:06,4.06021
2021-10-20 04:58:46,4.06021
2021-10-20 04:59:26,4.057580000000001
2021-10-20 05:00:07,4.05486
2021-10-20 05:00:47,4.0496300000000005
2021-10-20 05:01:27,4.04623
2021-10-20 05:02:07,4.04623
2021-10-20 05:02:48,4.046930000000001
2021-10-20 05:03:28,4.04319
2021-10-20 05:04:08,4.03925
2021-10-20 05:04:48,4.03346
2021-10-20 05:05:28,4.0303
2021-10-20 05:06:09,4.0303
2021-10-20 05:06:49,4.0286800000000005
2021-10-20 05:07:29,4.0274
2021-10-20 05:08:09,4.01779
2021-10-20 05:08:49,4.01963
2021-10-20 05:09:30,4.01963
2021-10-20 05:10:10,4.014469999999999
2021-10-20 05:10:50,4.01471
2021-10-20 05:11:30,4.011830000000001
2021-10-20 05:12:10,4.007
2021-10-20 05:12:50,4.007
2021-10-20 05:13:30,4.00612
2021-10-20 05:14:11,4.00362
2021-10-20 05:14:51,3.9977
2021-10-20 05:15:31,3.99321
2021-10-20 05:16:11,3.99321
2021-10-20 05:16:51,3.99125
2021-10-20 05:17:31,3.98808
2021-10-20 05:18:12,3.985
2021-10-20 05:18:52,3.9840199999999997
2021-10-20 05:19:32,3.9840199999999997
2021-10-20 05:20:12,3.97886
2021-10-20 05:20:52,3.9735099999999997
2021-10-20 05:21:33,3.97439
2021-10-20 05:22:13,3.97025
2021-10-20 05:22:53,3.97025
2021-10-20 05:23:33,3.96881
2021-10-20 05:24:13,3.9655
2021-10-20 05:24:53,3.96083
2021-10-20 05:25:34,3.96063
2021-10-20 05:26:14,3.96063
2021-10-20 05:26:54,3.95552
2021-10-20 05:27:34,3.95465
2021-10-20 05:28:14,3.9515300000000004
2021-10-20 05:28:54,3.9493
2021-10-20 05:29:35,3.9493
2021-10-20 05:30:15,3.94579
2021-10-20 05:30:55,3.9413400000000003
2021-10-20 05:31:35,3.93509
2021-10-20 05:32:15,3.93629
2021-10-20 05:32:56,3.93629
2021-10-20 05:33:36,3.9337199999999997
2021-10-20 05:34:16,3.9298300000000004
2021-10-20 05:34:56,3.9287
2021-10-20 05:35:36,3.92852
2021-10-20 05:36:17,3.92852
2021-10-20 05:36:57,3.9230699999999996
2021-10-20 05:37:37,3.9224099999999997
2021-10-20 05:38:17,3.9161
2021-10-20 05:38:57,3.91658
2021-10-20 05:39:37,3.91658
2021-10-20 05:40:17,3.91391
2021-10-20 05:40:58,3.9075300000000004
2021-10-20 05:41:38,3.9089099999999997
2021-10-20 05:42:18,3.9039699999999997
2021-10-20 05:42:58,3.9039699999999997
2021-10-20 05:43:39,3.9020300000000003
2021-10-20 05:44:19,3.8969099999999997
2021-10-20 05:44:59,3.89695
2021-10-20 05:45:39,3.89552
2021-10-20 05:46:19,3.89552
2021-10-20 05:46:59,3.8902099999999997
2021-10-20 05:47:40,3.8883300000000003
2021-10-20 05:48:20,3.8862400000000004
2021-10-20 05:49:00,3.88395
2021-10-20 05:49:40,3.8811400000000003
2021-10-20 05:50:21,3.8811400000000003
2021-10-20 05:51:01,3.88021
2021-10-20 05:51:41,3.87569
2021-10-20 05:52:21,3.8731800000000005
2021-10-20 05:53:01,3.8732
2021-10-20 05:53:42,3.8732
2021-10-20 05:54:22,3.87375
2021-10-20 05:55:02,3.8696900000000003
2021-10-20 05:55:42,3.86556
2021-10-20 05:56:22,3.86631
2021-10-20 05:57:03,3.86631
2021-10-20 05:57:43,3.86346
2021-10-20 05:58:23,3.8608599999999997
2021-10-20 05:59:03,3.8582300000000003
2021-10-20 05:59:43,3.85647
2021-10-20 06:00:24,3.85647
2021-10-20 06:01:04,3.85279
2021-10-20 06:01:44,3.84993
2021-10-20 06:02:24,3.85186
2021-10-20 06:03:04,3.8475599999999996
2021-10-20 06:03:45,3.8475599999999996
2021-10-20 06:04:25,3.8456699999999997
2021-10-20 06:05:05,3.8415199999999996
2021-10-20 06:05:45,3.83757
2021-10-20 06:06:25,3.83774
2021-10-20 06:07:06,3.83774
2021-10-20 06:07:46,3.83371
2021-10-20 06:08:26,3.83457
2021-10-20 06:09:06,3.83155
2021-10-20 06:09:46,3.82954
2021-10-20 06:10:27,3.82954
2021-10-20 06:11:07,3.82849
2021-10-20 06:11:47,3.8262
2021-10-20 06:12:27,3.8250800000000003
2021-10-20 06:13:07,3.8238800000000004
2021-10-20 06:13:48,3.8238800000000004
2021-10-20 06:14:28,3.82314
2021-10-20 06:15:08,3.8219199999999995
2021-10-20 06:15:48,3.81872
2021-10-20 06:16:28,3.8172099999999998
2021-10-20 06:17:08,3.8172099999999998
2021-10-20 06:17:49,3.81651
2021-10-20 06:18:29,3.8140199999999997
2021-10-20 06:19:09,3.81314
2021-10-20 06:19:49,3.8122800000000003
2021-10-20 06:20:29,3.8122800000000003
2021-10-20 06:21:10,3.81075
2021-10-20 06:21:50,3.8094
2021-10-20 06:22:30,3.8082800000000003
2021-10-20 06:23:10,3.80839
2021-10-20 06:23:50,3.80839
2021-10-20 06:24:30,3.805
2021-10-20 06:25:11,3.80505
2021-10-20 06:25:51,3.8025800000000003
2021-10-20 06:26:31,3.80625
2021-10-20 06:27:11,3.8012699999999997
2021-10-20 06:27:52,3.8012699999999997
2021-10-20 06:28:32,3.80312
2021-10-20 06:29:12,3.80082
2021-10-20 06:29:52,3.79869
2021-10-20 06:30:32,3.7994199999999996
2021-10-20 06:31:12,3.7994199999999996
2021-10-20 06:31:52,3.7968
2021-10-20 06:32:33,3.79585
2021-10-20 06:33:13,3.7957099999999997
2021-10-20 06:33:53,3.79339
2021-10-20 06:34:33,3.79339
2021-10-20 06:35:13,3.791
2021-10-20 06:35:54,3.7896699999999996
2021-10-20 06:36:34,3.7903599999999997
2021-10-20 06:37:14,3.78881
2021-10-20 06:37:54,3.78881
2021-10-20 06:38:34,3.78612
2021-10-20 06:39:14,3.78599
2021-10-20 06:39:55,3.7869599999999997
2021-10-20 06:40:35,3.7844599999999997
2021-10-20 06:41:15,3.7844599999999997
2021-10-20 06:41:55,3.7827699999999997
2021-10-20 06:42:35,3.78441
2021-10-20 06:43:16,3.7834199999999996
2021-10-20 06:43:56,3.78148
2021-10-20 06:44:36,3.78148
2021-10-20 06:45:16,3.7832800000000004
2021-10-20 06:45:56,3.7810300000000003
2021-10-20 06:46:36,3.7810300000000003
2021-10-20 06:47:17,3.78022
2021-10-20 06:47:57,3.78022
2021-10-20 06:48:37,3.7795900000000002
2021-10-20 06:49:17,3.77726
2021-10-20 06:49:57,3.7762599999999997
2021-10-20 06:50:38,3.7780099999999996
2021-10-20 06:51:18,3.7780099999999996
2021-10-20 06:51:58,3.77826
2021-10-20 06:52:38,3.7759699999999996
2021-10-20 06:53:18,3.7733199999999996
2021-10-20 06:53:58,3.7721199999999997
2021-10-20 06:54:38,3.7721199999999997
2021-10-20 06:55:19,3.7722900000000004
2021-10-20 06:55:59,3.7727800000000005
2021-10-20 06:56:39,3.7713699999999997
2021-10-20 06:57:19,3.77011
2021-10-20 06:57:59,3.77011
2021-10-20 06:58:39,3.7702199999999997
2021-10-20 06:59:20,3.7707300000000004
2021-10-20 07:00:00,3.76988
2021-10-20 07:00:40,3.7716199999999995
2021-10-20 07:01:20,3.7716199999999995
2021-10-20 07:02:00,3.76799
2021-10-20 07:02:41,3.76885
2021-10-20 07:03:21,3.7672
2021-10-20 07:04:01,3.7653300000000005
2021-10-20 07:04:41,3.7653300000000005
2021-10-20 07:05:21,3.7677300000000002
2021-10-20 07:06:02,3.7637
2021-10-20 07:06:42,3.7650900000000003
2021-10-20 07:07:22,3.76304
2021-10-20 07:08:02,3.76411
2021-10-20 07:08:42,3.76411
2021-10-20 07:09:23,3.76404
2021-10-20 07:10:03,3.7604900000000003
2021-10-20 07:10:43,3.76054
2021-10-20 07:11:23,3.76255
2021-10-20 07:12:03,3.76255
2021-10-20 07:12:43,3.76174
2021-10-20 07:13:24,3.7633699999999997
2021-10-20 07:14:04,3.75924
2021-10-20 07:14:44,3.7623
